0 verbose cli C:\Program Files\nodejs\node.exe C:\Program Files\nodejs\node_modules\npm\bin\npm-cli.js
1 info using npm@11.19.0
2 info using node@v24.21.0
3 silly config load:file:C:\Program Files\nodejs\node_modules\npm\npmrc
4 silly config load:file:C:\Users\hp\Desktop\ai-website-cloner-template\.npmrc
5 silly config load:file:C:\Users\hp\.npmrc
6 silly config load:file:C:\Users\hp\AppData\Roaming\npm\etc\npmrc
7 verbose title npm install
8 verbose argv "install" "--cache" ".npm-cache" "--no-audit" "--no-fund"
9 verbose logfile logs-max:10 dir:C:\Users\hp\Desktop\ai-website-cloner-template\.npm-cache\_logs\2026-09-19T03_58_44_880Z-
10 verbose logfile C:\Users\hp\Desktop\ai-website-cloner-template\.npm-cache\_logs\2026-09-19T03_58_44_880Z-debug-0.log
11 silly logfile done cleaning log files
12 silly packumentCache heap:2348810240 maxSize:587202560 maxEntrySize:293601280
13 silly idealTree buildDeps
14 silly reify mark retired [
14 silly reify   'C:\\Users\\hp\\Desktop\\ai-website-cloner-template\\node_modules\\ajv-formats'
14 silly reify ]
15 silly reify mark retired [
15 silly reify   'C:\\Users\\hp\\Desktop\\ai-website-cloner-template\\node_modules\\caniuse-lite'
15 silly reify ]
16 silly reify mark retired [
16 silly reify   'C:\\Users\\hp\\Desktop\\ai-website-cloner-template\\node_modules\\es-abstract'
16 silly reify ]
17 silly reify mark retired [
17 silly reify   'C:\\Users\\hp\\Desktop\\ai-website-cloner-template\\node_modules\\eslint'
17 silly reify ]
18 silly reify mark retired [
18 silly reify   'C:\\Users\\hp\\Desktop\\ai-website-cloner-template\\node_modules\\eslint-plugin-react'
18 silly reify ]
19 silly reify mark retired [
19 silly reify   'C:\\Users\\hp\\Desktop\\ai-website-cloner-template\\node_modules\\graphql'
19 silly reify ]
20 silly reify mark retired [
20 silly reify   'C:\\Users\\hp\\Desktop\\ai-website-cloner-template\\node_modules\\hono'
20 silly reify ]
21 silly reify mark retired [
21 silly reify   'C:\\Users\\hp\\Desktop\\ai-website-cloner-template\\node_modules\\@base-ui\\react'
21 silly reify ]
22 silly reify mark retired [
22 silly reify   'C:\\Users\\hp\\Desktop\\ai-website-cloner-template\\node_modules\\next'
22 silly reify ]
23 silly reify mark retired [
23 silly reify   'C:\\Users\\hp\\Desktop\\ai-website-cloner-template\\node_modules\\@modelcontextprotocol\\sdk'
23 silly reify ]
24 silly reify mark retired [
24 silly reify   'C:\\Users\\hp\\Desktop\\ai-website-cloner-template\\node_modules\\@mswjs\\interceptors'
24 silly reify ]
25 silly reify mark retired [
25 silly reify   'C:\\Users\\hp\\Desktop\\ai-website-cloner-template\\node_modules\\@swc\\helpers'
25 silly reify ]
26 silly reify mark retired [
26 silly reify   'C:\\Users\\hp\\Desktop\\ai-website-cloner-template\\node_modules\\@typescript-eslint\\scope-manager'
26 silly reify ]
27 silly reify moves {
27 silly reify   'C:\\Users\\hp\\Desktop\\ai-website-cloner-template\\node_modules\\ajv-formats': 'C:\\Users\\hp\\Desktop\\ai-website-cloner-template\\node_modules\\.ajv-formats-dwzkLJLt',
27 silly reify   'C:\\Users\\hp\\Desktop\\ai-website-cloner-template\\node_modules\\caniuse-lite': 'C:\\Users\\hp\\Desktop\\ai-website-cloner-template\\node_modules\\.caniuse-lite-GRIgr0Eg',
27 silly reify   'C:\\Users\\hp\\Desktop\\ai-website-cloner-template\\node_modules\\es-abstract': 'C:\\Users\\hp\\Desktop\\ai-website-cloner-template\\node_modules\\.es-abstract-524IiZY1',
27 silly reify   'C:\\Users\\hp\\Desktop\\ai-website-cloner-template\\node_modules\\eslint': 'C:\\Users\\hp\\Desktop\\ai-website-cloner-template\\node_modules\\.eslint-fw6vNIXF',
27 silly reify   'C:\\Users\\hp\\Desktop\\ai-website-cloner-template\\node_modules\\eslint-plugin-react': 'C:\\Users\\hp\\Desktop\\ai-website-cloner-template\\node_modules\\.eslint-plugin-react-JiF6pKXp',
27 silly reify   'C:\\Users\\hp\\Desktop\\ai-website-cloner-template\\node_modules\\graphql': 'C:\\Users\\hp\\Desktop\\ai-website-cloner-template\\node_modules\\.graphql-NNIGsbox',
27 silly reify   'C:\\Users\\hp\\Desktop\\ai-website-cloner-template\\node_modules\\hono': 'C:\\Users\\hp\\Desktop\\ai-website-cloner-template\\node_modules\\.hono-oVeBX5xC',
27 silly reify   'C:\\Users\\hp\\Desktop\\ai-website-cloner-template\\node_modules\\@base-ui\\react': 'C:\\Users\\hp\\Desktop\\ai-website-cloner-template\\node_modules\\@base-ui\\.react-CV8EO8Wd',
27 silly reify   'C:\\Users\\hp\\Desktop\\ai-website-cloner-template\\node_modules\\next': 'C:\\Users\\hp\\Desktop\\ai-website-cloner-template\\node_modules\\.next-ve0DIvjT',
27 silly reify   'C:\\Users\\hp\\Desktop\\ai-website-cloner-template\\node_modules\\@modelcontextprotocol\\sdk': 'C:\\Users\\hp\\Desktop\\ai-website-cloner-template\\node_modules\\@modelcontextprotocol\\.sdk-kHBvaDV7',
27 silly reify   'C:\\Users\\hp\\Desktop\\ai-website-cloner-template\\node_modules\\@mswjs\\interceptors': 'C:\\Users\\hp\\Desktop\\ai-website-cloner-template\\node_modules\\@mswjs\\.interceptors-itHETcHd',
27 silly reify   'C:\\Users\\hp\\Desktop\\ai-website-cloner-template\\node_modules\\@swc\\helpers': 'C:\\Users\\hp\\Desktop\\ai-website-cloner-template\\node_modules\\@swc\\.helpers-TBJS7uyb',
27 silly reify   'C:\\Users\\hp\\Desktop\\ai-website-cloner-template\\node_modules\\@typescript-eslint\\scope-manager': 'C:\\Users\\hp\\Desktop\\ai-website-cloner-template\\node_modules\\@typescript-eslint\\.scope-manager-PoSsjVjj'
27 silly reify }
28 http cache zod-validation-error@https://registry.npmjs.org/zod-validation-error/-/zod-validation-error-4.0.2.tgz 16ms (cache hit)
29 http cache zod-to-json-schema@https://registry.npmjs.org/zod-to-json-schema/-/zod-to-json-schema-3.25.1.tgz 0ms (cache hit)
30 http cache zod@https://registry.npmjs.org/zod/-/zod-4.3.6.tgz 0ms (cache hit)
31 http cache yoctocolors-cjs@https://registry.npmjs.org/yoctocolors-cjs/-/yoctocolors-cjs-2.1.3.tgz 0ms (cache hit)
32 http cache yoctocolors@https://registry.npmjs.org/yoctocolors/-/yoctocolors-2.1.2.tgz 0ms (cache hit)
33 http cache yocto-queue@https://registry.npmjs.org/yocto-queue/-/yocto-queue-0.1.0.tgz 0ms (cache hit)
34 http cache yargs-parser@https://registry.npmjs.org/yargs-parser/-/yargs-parser-21.1.1.tgz 0ms (cache hit)
35 http cache yargs@https://registry.npmjs.org/yargs/-/yargs-17.7.2.tgz 0ms (cache hit)
36 http cache yallist@https://registry.npmjs.org/yallist/-/yallist-3.1.1.tgz 0ms (cache hit)
37 http cache y18n@https://registry.npmjs.org/y18n/-/y18n-5.0.8.tgz 0ms (cache hit)
38 http cache wsl-utils@https://registry.npmjs.org/wsl-utils/-/wsl-utils-0.3.1.tgz 0ms (cache hit)
39 http cache wrappy@https://registry.npmjs.org/wrappy/-/wrappy-1.0.2.tgz 0ms (cache hit)
40 http cache wrap-ansi@https://registry.npmjs.org/wrap-ansi/-/wrap-ansi-6.2.0.tgz 0ms (cache hit)
41 http cache word-wrap@https://registry.npmjs.org/word-wrap/-/word-wrap-1.2.5.tgz 0ms (cache hit)
42 http cache which-typed-array@https://registry.npmjs.org/which-typed-array/-/which-typed-array-1.1.20.tgz 0ms (cache hit)
43 http cache which-collection@https://registry.npmjs.org/which-collection/-/which-collection-1.0.2.tgz 0ms (cache hit)
44 http cache which-builtin-type@https://registry.npmjs.org/which-builtin-type/-/which-builtin-type-1.2.1.tgz 0ms (cache hit)
45 http cache which-boxed-primitive@https://registry.npmjs.org/which-boxed-primitive/-/which-boxed-primitive-1.1.1.tgz 0ms (cache hit)
46 http cache which@https://registry.npmjs.org/which/-/which-2.0.2.tgz 0ms (cache hit)
47 http cache web-streams-polyfill@https://registry.npmjs.org/web-streams-polyfill/-/web-streams-polyfill-3.3.3.tgz 0ms (cache hit)
48 http cache vary@https://registry.npmjs.org/vary/-/vary-1.1.2.tgz 1ms (cache hit)
49 http cache validate-npm-package-name@https://registry.npmjs.org/validate-npm-package-name/-/validate-npm-package-name-7.0.2.tgz 0ms (cache hit)
50 http cache util-deprecate@https://registry.npmjs.org/util-deprecate/-/util-deprecate-1.0.2.tgz 0ms (cache hit)
51 http cache use-sync-external-store@https://registry.npmjs.org/use-sync-external-store/-/use-sync-external-store-1.6.0.tgz 0ms (cache hit)
52 http cache uri-js@https://registry.npmjs.org/uri-js/-/uri-js-4.4.1.tgz 0ms (cache hit)
53 http cache update-browserslist-db@https://registry.npmjs.org/update-browserslist-db/-/update-browserslist-db-1.2.3.tgz 0ms (cache hit)
54 http cache until-async@https://registry.npmjs.org/until-async/-/until-async-3.0.2.tgz 0ms (cache hit)
55 http cache unrs-resolver@https://registry.npmjs.org/unrs-resolver/-/unrs-resolver-1.11.1.tgz 0ms (cache hit)
56 http cache unpipe@https://registry.npmjs.org/unpipe/-/unpipe-1.0.0.tgz 0ms (cache hit)
57 http cache universalify@https://registry.npmjs.org/universalify/-/universalify-2.0.1.tgz 0ms (cache hit)
58 http cache undici-types@https://registry.npmjs.org/undici-types/-/undici-types-7.16.0.tgz 0ms (cache hit)
59 http cache unicorn-magic@https://registry.npmjs.org/unicorn-magic/-/unicorn-magic-0.3.0.tgz 0ms (cache hit)
60 http cache unbox-primitive@https://registry.npmjs.org/unbox-primitive/-/unbox-primitive-1.1.0.tgz 0ms (cache hit)
61 http cache typescript-eslint@https://registry.npmjs.org/typescript-eslint/-/typescript-eslint-8.57.2.tgz 0ms (cache hit)
62 http cache typescript@https://registry.npmjs.org/typescript/-/typescript-5.9.3.tgz 0ms (cache hit)
63 http cache typed-array-length@https://registry.npmjs.org/typed-array-length/-/typed-array-length-1.0.7.tgz 0ms (cache hit)
64 http cache typed-array-byte-offset@https://registry.npmjs.org/typed-array-byte-offset/-/typed-array-byte-offset-1.0.4.tgz 0ms (cache hit)
65 http cache typed-array-byte-length@https://registry.npmjs.org/typed-array-byte-length/-/typed-array-byte-length-1.0.3.tgz 1ms (cache hit)
66 http cache typed-array-buffer@https://registry.npmjs.org/typed-array-buffer/-/typed-array-buffer-1.0.3.tgz 0ms (cache hit)
67 http cache type-is@https://registry.npmjs.org/type-is/-/type-is-2.1.0.tgz 0ms (cache hit)
68 http cache type-fest@https://registry.npmjs.org/type-fest/-/type-fest-5.5.0.tgz 0ms (cache hit)
69 http cache type-check@https://registry.npmjs.org/type-check/-/type-check-0.4.0.tgz 0ms (cache hit)
70 http cache tw-animate-css@https://registry.npmjs.org/tw-animate-css/-/tw-animate-css-1.4.0.tgz 0ms (cache hit)
71 http cache tslib@https://registry.npmjs.org/tslib/-/tslib-2.8.1.tgz 0ms (cache hit)
72 http cache tsconfig-paths@https://registry.npmjs.org/tsconfig-paths/-/tsconfig-paths-3.15.0.tgz 0ms (cache hit)
73 http cache ts-morph@https://registry.npmjs.org/ts-morph/-/ts-morph-26.0.0.tgz 0ms (cache hit)
74 http cache ts-api-utils@https://registry.npmjs.org/ts-api-utils/-/ts-api-utils-2.5.0.tgz 0ms (cache hit)
75 http cache tough-cookie@https://registry.npmjs.org/tough-cookie/-/tough-cookie-6.0.1.tgz 1ms (cache hit)
76 http cache toidentifier@https://registry.npmjs.org/toidentifier/-/toidentifier-1.0.1.tgz 0ms (cache hit)
77 http cache to-regex-range@https://registry.npmjs.org/to-regex-range/-/to-regex-range-5.0.1.tgz 0ms (cache hit)
78 http cache tldts-core@https://registry.npmjs.org/tldts-core/-/tldts-core-7.0.27.tgz 0ms (cache hit)
79 http cache tldts@https://registry.npmjs.org/tldts/-/tldts-7.0.27.tgz 0ms (cache hit)
80 http cache tinyglobby@https://registry.npmjs.org/tinyglobby/-/tinyglobby-0.2.15.tgz 0ms (cache hit)
81 http cache tiny-invariant@https://registry.npmjs.org/tiny-invariant/-/tiny-invariant-1.3.3.tgz 0ms (cache hit)
82 http cache tapable@https://registry.npmjs.org/tapable/-/tapable-2.3.2.tgz 0ms (cache hit)
83 http cache tailwindcss@https://registry.npmjs.org/tailwindcss/-/tailwindcss-4.2.2.tgz 0ms (cache hit)
84 http cache tailwind-merge@https://registry.npmjs.org/tailwind-merge/-/tailwind-merge-3.5.0.tgz 1ms (cache hit)
85 http cache tagged-tag@https://registry.npmjs.org/tagged-tag/-/tagged-tag-1.0.0.tgz 0ms (cache hit)
86 http cache tabbable@https://registry.npmjs.org/tabbable/-/tabbable-6.4.0.tgz 0ms (cache hit)
87 http cache supports-preserve-symlinks-flag@https://registry.npmjs.org/supports-preserve-symlinks-flag/-/supports-preserve-symlinks-flag-1.0.0.tgz 0ms (cache hit)
88 http cache supports-color@https://registry.npmjs.org/supports-color/-/supports-color-7.2.0.tgz 0ms (cache hit)
89 http cache styled-jsx@https://registry.npmjs.org/styled-jsx/-/styled-jsx-5.1.6.tgz 0ms (cache hit)
90 http cache strip-json-comments@https://registry.npmjs.org/strip-json-comments/-/strip-json-comments-3.1.1.tgz 0ms (cache hit)
91 http cache strip-final-newline@https://registry.npmjs.org/strip-final-newline/-/strip-final-newline-4.0.0.tgz 0ms (cache hit)
92 http cache strip-bom@https://registry.npmjs.org/strip-bom/-/strip-bom-3.0.0.tgz 0ms (cache hit)
93 http cache strip-ansi@https://registry.npmjs.org/strip-ansi/-/strip-ansi-7.2.0.tgz 0ms (cache hit)
94 http cache stringify-object@https://registry.npmjs.org/stringify-object/-/stringify-object-5.0.0.tgz 0ms (cache hit)
95 http cache string.prototype.trimstart@https://registry.npmjs.org/string.prototype.trimstart/-/string.prototype.trimstart-1.0.8.tgz 0ms (cache hit)
96 http cache string.prototype.trimend@https://registry.npmjs.org/string.prototype.trimend/-/string.prototype.trimend-1.0.9.tgz 0ms (cache hit)
97 http cache string.prototype.trim@https://registry.npmjs.org/string.prototype.trim/-/string.prototype.trim-1.2.10.tgz 0ms (cache hit)
98 http cache string.prototype.repeat@https://registry.npmjs.org/string.prototype.repeat/-/string.prototype.repeat-1.0.0.tgz 0ms (cache hit)
99 http cache string.prototype.matchall@https://registry.npmjs.org/string.prototype.matchall/-/string.prototype.matchall-4.0.12.tgz 0ms (cache hit)
100 http cache string.prototype.includes@https://registry.npmjs.org/string.prototype.includes/-/string.prototype.includes-2.0.1.tgz 0ms (cache hit)
101 http cache string-width@https://registry.npmjs.org/string-width/-/string-width-7.2.0.tgz 0ms (cache hit)
102 http cache strict-event-emitter@https://registry.npmjs.org/strict-event-emitter/-/strict-event-emitter-0.5.1.tgz 0ms (cache hit)
103 http cache stop-iteration-iterator@https://registry.npmjs.org/stop-iteration-iterator/-/stop-iteration-iterator-1.1.0.tgz 0ms (cache hit)
104 http cache stdin-discarder@https://registry.npmjs.org/stdin-discarder/-/stdin-discarder-0.2.2.tgz 0ms (cache hit)
105 http cache statuses@https://registry.npmjs.org/statuses/-/statuses-2.0.2.tgz 0ms (cache hit)
106 http cache stable-hash@https://registry.npmjs.org/stable-hash/-/stable-hash-0.0.5.tgz 0ms (cache hit)
107 http cache source-map-js@https://registry.npmjs.org/source-map-js/-/source-map-js-1.2.1.tgz 0ms (cache hit)
108 http cache source-map@https://registry.npmjs.org/source-map/-/source-map-0.6.1.tgz 0ms (cache hit)
109 http cache sisteransi@https://registry.npmjs.org/sisteransi/-/sisteransi-1.0.5.tgz 0ms (cache hit)
110 http cache signal-exit@https://registry.npmjs.org/signal-exit/-/signal-exit-4.1.0.tgz 0ms (cache hit)
111 http cache side-channel-weakmap@https://registry.npmjs.org/side-channel-weakmap/-/side-channel-weakmap-1.0.2.tgz 0ms (cache hit)
112 http cache side-channel-map@https://registry.npmjs.org/side-channel-map/-/side-channel-map-1.0.1.tgz 0ms (cache hit)
113 http cache side-channel-list@https://registry.npmjs.org/side-channel-list/-/side-channel-list-1.0.1.tgz 0ms (cache hit)
114 http cache side-channel@https://registry.npmjs.org/side-channel/-/side-channel-1.1.1.tgz 0ms (cache hit)
115 http cache shebang-regex@https://registry.npmjs.org/shebang-regex/-/shebang-regex-3.0.0.tgz 0ms (cache hit)
116 http cache shebang-command@https://registry.npmjs.org/shebang-command/-/shebang-command-2.0.0.tgz 0ms (cache hit)
117 http cache sharp@https://registry.npmjs.org/sharp/-/sharp-0.35.3.tgz 0ms (cache hit)
118 http cache shadcn@https://registry.npmjs.org/shadcn/-/shadcn-4.1.0.tgz 0ms (cache hit)
119 http cache setprototypeof@https://registry.npmjs.org/setprototypeof/-/setprototypeof-1.2.0.tgz 0ms (cache hit)
120 http cache set-proto@https://registry.npmjs.org/set-proto/-/set-proto-1.0.0.tgz 0ms (cache hit)
121 http cache set-function-name@https://registry.npmjs.org/set-function-name/-/set-function-name-2.0.2.tgz 0ms (cache hit)
122 http cache set-function-length@https://registry.npmjs.org/set-function-length/-/set-function-length-1.2.2.tgz 0ms (cache hit)
123 http cache serve-static@https://registry.npmjs.org/serve-static/-/serve-static-2.2.1.tgz 0ms (cache hit)
124 http cache send@https://registry.npmjs.org/send/-/send-1.2.1.tgz 0ms (cache hit)
125 http cache semver@https://registry.npmjs.org/semver/-/semver-6.3.1.tgz 0ms (cache hit)
126 http cache safer-buffer@https://registry.npmjs.org/safer-buffer/-/safer-buffer-2.1.2.tgz 1ms (cache hit)
127 http cache scheduler@https://registry.npmjs.org/scheduler/-/scheduler-0.27.0.tgz 0ms (cache hit)
128 http cache safe-regex-test@https://registry.npmjs.org/safe-regex-test/-/safe-regex-test-1.1.0.tgz 1ms (cache hit)
129 http cache safe-push-apply@https://registry.npmjs.org/safe-push-apply/-/safe-push-apply-1.0.0.tgz 0ms (cache hit)
130 http cache safe-array-concat@https://registry.npmjs.org/safe-array-concat/-/safe-array-concat-1.1.3.tgz 0ms (cache hit)
131 http cache run-parallel@https://registry.npmjs.org/run-parallel/-/run-parallel-1.2.0.tgz 0ms (cache hit)
132 http cache run-applescript@https://registry.npmjs.org/run-applescript/-/run-applescript-7.1.0.tgz 0ms (cache hit)
133 http cache router@https://registry.npmjs.org/router/-/router-2.2.0.tgz 0ms (cache hit)
134 http cache reusify@https://registry.npmjs.org/reusify/-/reusify-1.1.0.tgz 0ms (cache hit)
135 http cache rettime@https://registry.npmjs.org/rettime/-/rettime-0.10.1.tgz 0ms (cache hit)
136 http cache restore-cursor@https://registry.npmjs.org/restore-cursor/-/restore-cursor-5.1.0.tgz 0ms (cache hit)
137 http cache resolve-pkg-maps@https://registry.npmjs.org/resolve-pkg-maps/-/resolve-pkg-maps-1.0.0.tgz 0ms (cache hit)
138 http cache resolve-from@https://registry.npmjs.org/resolve-from/-/resolve-from-4.0.0.tgz 0ms (cache hit)
139 http cache resolve@https://registry.npmjs.org/resolve/-/resolve-1.22.11.tgz 0ms (cache hit)
140 http cache reselect@https://registry.npmjs.org/reselect/-/reselect-5.1.1.tgz 1ms (cache hit)
141 http cache require-from-string@https://registry.npmjs.org/require-from-string/-/require-from-string-2.0.2.tgz 0ms (cache hit)
142 http cache require-directory@https://registry.npmjs.org/require-directory/-/require-directory-2.1.1.tgz 1ms (cache hit)
143 http cache reflect.getprototypeof@https://registry.npmjs.org/reflect.getprototypeof/-/reflect.getprototypeof-1.0.10.tgz 0ms (cache hit)
144 http cache regexp.prototype.flags@https://registry.npmjs.org/regexp.prototype.flags/-/regexp.prototype.flags-1.5.4.tgz 0ms (cache hit)
145 http cache recast@https://registry.npmjs.org/recast/-/recast-0.23.11.tgz 0ms (cache hit)
146 http cache react-is@https://registry.npmjs.org/react-is/-/react-is-16.13.1.tgz 0ms (cache hit)
147 http cache react-dom@https://registry.npmjs.org/react-dom/-/react-dom-19.2.4.tgz 0ms (cache hit)
148 http cache react@https://registry.npmjs.org/react/-/react-19.2.4.tgz 0ms (cache hit)
149 http cache raw-body@https://registry.npmjs.org/raw-body/-/raw-body-3.0.2.tgz 0ms (cache hit)
150 http cache range-parser@https://registry.npmjs.org/range-parser/-/range-parser-1.2.1.tgz 1ms (cache hit)
151 http cache queue-microtask@https://registry.npmjs.org/queue-microtask/-/queue-microtask-1.2.3.tgz 0ms (cache hit)
152 http cache qs@https://registry.npmjs.org/qs/-/qs-6.15.3.tgz 0ms (cache hit)
153 http cache punycode@https://registry.npmjs.org/punycode/-/punycode-2.3.1.tgz 0ms (cache hit)
154 http cache proxy-addr@https://registry.npmjs.org/proxy-addr/-/proxy-addr-2.0.7.tgz 0ms (cache hit)
155 http cache prop-types@https://registry.npmjs.org/prop-types/-/prop-types-15.8.1.tgz 0ms (cache hit)
156 http cache prompts@https://registry.npmjs.org/prompts/-/prompts-2.4.2.tgz 0ms (cache hit)
157 http cache pretty-ms@https://registry.npmjs.org/pretty-ms/-/pretty-ms-9.3.0.tgz 0ms (cache hit)
158 http cache prelude-ls@https://registry.npmjs.org/prelude-ls/-/prelude-ls-1.2.1.tgz 0ms (cache hit)
159 http cache powershell-utils@https://registry.npmjs.org/powershell-utils/-/powershell-utils-0.1.0.tgz 0ms (cache hit)
160 http cache postcss@https://registry.npmjs.org/postcss/-/postcss-8.5.23.tgz 0ms (cache hit)
161 http cache postcss-selector-parser@https://registry.npmjs.org/postcss-selector-parser/-/postcss-selector-parser-7.1.1.tgz 0ms (cache hit)
162 http cache possible-typed-array-names@https://registry.npmjs.org/possible-typed-array-names/-/possible-typed-array-names-1.1.0.tgz 0ms (cache hit)
163 http cache pkce-challenge@https://registry.npmjs.org/pkce-challenge/-/pkce-challenge-5.0.1.tgz 0ms (cache hit)
164 http cache picomatch@https://registry.npmjs.org/picomatch/-/picomatch-2.3.2.tgz 0ms (cache hit)
165 http cache picocolors@https://registry.npmjs.org/picocolors/-/picocolors-1.1.1.tgz 0ms (cache hit)
166 http cache path-to-regexp@https://registry.npmjs.org/path-to-regexp/-/path-to-regexp-6.3.0.tgz 0ms (cache hit)
167 http cache path-parse@https://registry.npmjs.org/path-parse/-/path-parse-1.0.7.tgz 0ms (cache hit)
168 http cache path-key@https://registry.npmjs.org/path-key/-/path-key-3.1.1.tgz 0ms (cache hit)
169 http cache path-exists@https://registry.npmjs.org/path-exists/-/path-exists-4.0.0.tgz 0ms (cache hit)
170 http cache path-browserify@https://registry.npmjs.org/path-browserify/-/path-browserify-1.0.1.tgz 0ms (cache hit)
171 http cache parseurl@https://registry.npmjs.org/parseurl/-/parseurl-1.3.3.tgz 0ms (cache hit)
172 http cache parse-ms@https://registry.npmjs.org/parse-ms/-/parse-ms-4.0.0.tgz 0ms (cache hit)
173 http cache parse-json@https://registry.npmjs.org/parse-json/-/parse-json-5.2.0.tgz 0ms (cache hit)
174 http cache parent-module@https://registry.npmjs.org/parent-module/-/parent-module-1.0.1.tgz 0ms (cache hit)
175 http cache p-limit@https://registry.npmjs.org/p-limit/-/p-limit-3.1.0.tgz 0ms (cache hit)
176 http cache p-locate@https://registry.npmjs.org/p-locate/-/p-locate-5.0.0.tgz 0ms (cache hit)
177 http cache own-keys@https://registry.npmjs.org/own-keys/-/own-keys-1.0.1.tgz 0ms (cache hit)
178 http cache outvariant@https://registry.npmjs.org/outvariant/-/outvariant-1.4.3.tgz 0ms (cache hit)
179 http cache ora@https://registry.npmjs.org/ora/-/ora-8.2.0.tgz 0ms (cache hit)
180 http cache optionator@https://registry.npmjs.org/optionator/-/optionator-0.9.4.tgz 0ms (cache hit)
181 http cache open@https://registry.npmjs.org/open/-/open-11.0.0.tgz 0ms (cache hit)
182 http cache onetime@https://registry.npmjs.org/onetime/-/onetime-7.0.0.tgz 0ms (cache hit)
183 http cache once@https://registry.npmjs.org/once/-/once-1.4.0.tgz 0ms (cache hit)
184 http cache on-finished@https://registry.npmjs.org/on-finished/-/on-finished-2.4.1.tgz 1ms (cache hit)
185 http cache object.values@https://registry.npmjs.org/object.values/-/object.values-1.2.1.tgz 0ms (cache hit)
186 http cache object.groupby@https://registry.npmjs.org/object.groupby/-/object.groupby-1.0.3.tgz 0ms (cache hit)
187 http cache object.fromentries@https://registry.npmjs.org/object.fromentries/-/object.fromentries-2.0.8.tgz 0ms (cache hit)
188 http cache object.entries@https://registry.npmjs.org/object.entries/-/object.entries-1.1.9.tgz 0ms (cache hit)
189 http cache object.assign@https://registry.npmjs.org/object.assign/-/object.assign-4.1.7.tgz 0ms (cache hit)
190 http cache object-treeify@https://registry.npmjs.org/object-treeify/-/object-treeify-1.1.33.tgz 0ms (cache hit)
191 http cache object-keys@https://registry.npmjs.org/object-keys/-/object-keys-1.1.1.tgz 0ms (cache hit)
192 http cache object-inspect@https://registry.npmjs.org/object-inspect/-/object-inspect-1.13.4.tgz 0ms (cache hit)
193 http cache object-assign@https://registry.npmjs.org/object-assign/-/object-assign-4.1.1.tgz 0ms (cache hit)
194 http cache npm-run-path@https://registry.npmjs.org/npm-run-path/-/npm-run-path-6.0.0.tgz 0ms (cache hit)
195 http cache node-releases@https://registry.npmjs.org/node-releases/-/node-releases-2.0.36.tgz 0ms (cache hit)
196 http cache node-fetch@https://registry.npmjs.org/node-fetch/-/node-fetch-3.3.2.tgz 0ms (cache hit)
197 http cache node-exports-info@https://registry.npmjs.org/node-exports-info/-/node-exports-info-1.6.0.tgz 0ms (cache hit)
198 http cache node-domexception@https://registry.npmjs.org/node-domexception/-/node-domexception-1.0.0.tgz 1ms (cache hit)
199 http cache negotiator@https://registry.npmjs.org/negotiator/-/negotiator-1.0.0.tgz 0ms (cache hit)
200 http cache natural-compare@https://registry.npmjs.org/natural-compare/-/natural-compare-1.4.0.tgz 0ms (cache hit)
201 http cache napi-postinstall@https://registry.npmjs.org/napi-postinstall/-/napi-postinstall-0.3.4.tgz 0ms (cache hit)
202 http cache nanoid@https://registry.npmjs.org/nanoid/-/nanoid-3.3.18.tgz 0ms (cache hit)
203 http cache msw@https://registry.npmjs.org/msw/-/msw-2.12.14.tgz 0ms (cache hit)
204 http cache ms@https://registry.npmjs.org/ms/-/ms-2.1.3.tgz 0ms (cache hit)
205 http cache minimist@https://registry.npmjs.org/minimist/-/minimist-1.2.8.tgz 0ms (cache hit)
206 http cache minimatch@https://registry.npmjs.org/minimatch/-/minimatch-3.1.5.tgz 0ms (cache hit)
207 http cache mimic-function@https://registry.npmjs.org/mimic-function/-/mimic-function-5.0.1.tgz 0ms (cache hit)
208 http cache mimic-fn@https://registry.npmjs.org/mimic-fn/-/mimic-fn-2.1.0.tgz 0ms (cache hit)
209 http cache mime-types@https://registry.npmjs.org/mime-types/-/mime-types-3.0.2.tgz 0ms (cache hit)
210 http cache mime-db@https://registry.npmjs.org/mime-db/-/mime-db-1.54.0.tgz 0ms (cache hit)
211 http cache micromatch@https://registry.npmjs.org/micromatch/-/micromatch-4.0.8.tgz 0ms (cache hit)
212 http cache merge2@https://registry.npmjs.org/merge2/-/merge2-1.4.1.tgz 0ms (cache hit)
213 http cache merge-stream@https://registry.npmjs.org/merge-stream/-/merge-stream-2.0.0.tgz 0ms (cache hit)
214 http cache merge-descriptors@https://registry.npmjs.org/merge-descriptors/-/merge-descriptors-2.0.0.tgz 0ms (cache hit)
215 http cache media-typer@https://registry.npmjs.org/media-typer/-/media-typer-1.1.0.tgz 0ms (cache hit)
216 http cache math-intrinsics@https://registry.npmjs.org/math-intrinsics/-/math-intrinsics-1.1.0.tgz 0ms (cache hit)
217 http cache magic-string@https://registry.npmjs.org/magic-string/-/magic-string-0.30.21.tgz 0ms (cache hit)
218 http cache lucide-react@https://registry.npmjs.org/lucide-react/-/lucide-react-1.6.0.tgz 0ms (cache hit)
219 http cache lru-cache@https://registry.npmjs.org/lru-cache/-/lru-cache-5.1.1.tgz 0ms (cache hit)
220 http cache loose-envify@https://registry.npmjs.org/loose-envify/-/loose-envify-1.4.0.tgz 0ms (cache hit)
221 http cache log-symbols@https://registry.npmjs.org/log-symbols/-/log-symbols-6.0.0.tgz 0ms (cache hit)
222 http cache lodash.merge@https://registry.npmjs.org/lodash.merge/-/lodash.merge-4.6.2.tgz 0ms (cache hit)
223 http cache locate-path@https://registry.npmjs.org/locate-path/-/locate-path-6.0.0.tgz 0ms (cache hit)
224 http cache lines-and-columns@https://registry.npmjs.org/lines-and-columns/-/lines-and-columns-1.2.4.tgz 0ms (cache hit)
225 http cache lightningcss-win32-x64-msvc@https://registry.npmjs.org/lightningcss-win32-x64-msvc/-/lightningcss-win32-x64-msvc-1.32.0.tgz 0ms (cache hit)
226 http cache lightningcss@https://registry.npmjs.org/lightningcss/-/lightningcss-1.32.0.tgz 0ms (cache hit)
227 http cache levn@https://registry.npmjs.org/levn/-/levn-0.4.1.tgz 0ms (cache hit)
228 http cache language-tags@https://registry.npmjs.org/language-tags/-/language-tags-1.0.9.tgz 0ms (cache hit)
229 http cache language-subtag-registry@https://registry.npmjs.org/language-subtag-registry/-/language-subtag-registry-0.3.23.tgz 1ms (cache hit)
230 http cache kleur@https://registry.npmjs.org/kleur/-/kleur-4.1.5.tgz 0ms (cache hit)
231 http cache keyv@https://registry.npmjs.org/keyv/-/keyv-4.5.4.tgz 0ms (cache hit)
232 http cache jsx-ast-utils@https://registry.npmjs.org/jsx-ast-utils/-/jsx-ast-utils-3.3.5.tgz 0ms (cache hit)
233 http cache jsonfile@https://registry.npmjs.org/jsonfile/-/jsonfile-6.2.0.tgz 0ms (cache hit)
234 http cache json5@https://registry.npmjs.org/json5/-/json5-2.2.3.tgz 0ms (cache hit)
235 http cache json-stable-stringify-without-jsonify@https://registry.npmjs.org/json-stable-stringify-without-jsonify/-/json-stable-stringify-without-jsonify-1.0.1.tgz 0ms (cache hit)
236 http cache json-schema-typed@https://registry.npmjs.org/json-schema-typed/-/json-schema-typed-8.0.2.tgz 0ms (cache hit)
237 http cache json-schema-traverse@https://registry.npmjs.org/json-schema-traverse/-/json-schema-traverse-0.4.1.tgz 1ms (cache hit)
238 http cache json-parse-even-better-errors@https://registry.npmjs.org/json-parse-even-better-errors/-/json-parse-even-better-errors-2.3.1.tgz 0ms (cache hit)
239 http cache json-buffer@https://registry.npmjs.org/json-buffer/-/json-buffer-3.0.1.tgz 0ms (cache hit)
240 http cache js-tokens@https://registry.npmjs.org/js-tokens/-/js-tokens-4.0.0.tgz 0ms (cache hit)
241 http cache js-yaml@https://registry.npmjs.org/js-yaml/-/js-yaml-4.3.1.tgz 0ms (cache hit)
242 http cache jsesc@https://registry.npmjs.org/jsesc/-/jsesc-3.1.0.tgz 0ms (cache hit)
243 http cache jose@https://registry.npmjs.org/jose/-/jose-6.2.2.tgz 0ms (cache hit)
244 http cache jiti@https://registry.npmjs.org/jiti/-/jiti-2.6.1.tgz 0ms (cache hit)
245 http cache iterator.prototype@https://registry.npmjs.org/iterator.prototype/-/iterator.prototype-1.1.5.tgz 0ms (cache hit)
246 http cache isexe@https://registry.npmjs.org/isexe/-/isexe-2.0.0.tgz 0ms (cache hit)
247 http cache isarray@https://registry.npmjs.org/isarray/-/isarray-2.0.5.tgz 0ms (cache hit)
248 http cache is-weakset@https://registry.npmjs.org/is-weakset/-/is-weakset-2.0.4.tgz 0ms (cache hit)
249 http cache is-wsl@https://registry.npmjs.org/is-wsl/-/is-wsl-3.1.1.tgz 0ms (cache hit)
250 http cache is-weakref@https://registry.npmjs.org/is-weakref/-/is-weakref-1.1.1.tgz 0ms (cache hit)
251 http cache is-weakmap@https://registry.npmjs.org/is-weakmap/-/is-weakmap-2.0.2.tgz 0ms (cache hit)
252 http cache is-unicode-supported@https://registry.npmjs.org/is-unicode-supported/-/is-unicode-supported-2.1.0.tgz 0ms (cache hit)
253 http cache is-typed-array@https://registry.npmjs.org/is-typed-array/-/is-typed-array-1.1.15.tgz 0ms (cache hit)
254 http cache is-string@https://registry.npmjs.org/is-string/-/is-string-1.1.1.tgz 0ms (cache hit)
255 http cache is-symbol@https://registry.npmjs.org/is-symbol/-/is-symbol-1.1.1.tgz 0ms (cache hit)
256 http cache is-stream@https://registry.npmjs.org/is-stream/-/is-stream-4.0.1.tgz 0ms (cache hit)
257 http cache is-shared-array-buffer@https://registry.npmjs.org/is-shared-array-buffer/-/is-shared-array-buffer-1.0.4.tgz 0ms (cache hit)
258 http cache is-set@https://registry.npmjs.org/is-set/-/is-set-2.0.3.tgz 0ms (cache hit)
259 http cache is-regexp@https://registry.npmjs.org/is-regexp/-/is-regexp-3.1.0.tgz 0ms (cache hit)
260 http cache is-promise@https://registry.npmjs.org/is-promise/-/is-promise-4.0.0.tgz 0ms (cache hit)
261 http cache is-obj@https://registry.npmjs.org/is-obj/-/is-obj-3.0.0.tgz 0ms (cache hit)
262 http cache is-plain-obj@https://registry.npmjs.org/is-plain-obj/-/is-plain-obj-4.1.0.tgz 0ms (cache hit)
263 http cache is-number-object@https://registry.npmjs.org/is-number-object/-/is-number-object-1.1.1.tgz 0ms (cache hit)
264 http cache is-number@https://registry.npmjs.org/is-number/-/is-number-7.0.0.tgz 0ms (cache hit)
265 http cache is-node-process@https://registry.npmjs.org/is-node-process/-/is-node-process-1.2.0.tgz 0ms (cache hit)
266 http cache is-negative-zero@https://registry.npmjs.org/is-negative-zero/-/is-negative-zero-2.0.3.tgz 0ms (cache hit)
267 http cache is-map@https://registry.npmjs.org/is-map/-/is-map-2.0.3.tgz 0ms (cache hit)
268 http cache is-interactive@https://registry.npmjs.org/is-interactive/-/is-interactive-2.0.0.tgz 0ms (cache hit)
269 http cache is-inside-container@https://registry.npmjs.org/is-inside-container/-/is-inside-container-1.0.0.tgz 0ms (cache hit)
270 http cache is-in-ssh@https://registry.npmjs.org/is-in-ssh/-/is-in-ssh-1.0.0.tgz 0ms (cache hit)
271 http cache is-glob@https://registry.npmjs.org/is-glob/-/is-glob-4.0.3.tgz 0ms (cache hit)
272 http cache is-generator-function@https://registry.npmjs.org/is-generator-function/-/is-generator-function-1.1.2.tgz 0ms (cache hit)
273 http cache is-fullwidth-code-point@https://registry.npmjs.org/is-fullwidth-code-point/-/is-fullwidth-code-point-3.0.0.tgz 0ms (cache hit)
274 http cache is-finalizationregistry@https://registry.npmjs.org/is-finalizationregistry/-/is-finalizationregistry-1.1.1.tgz 0ms (cache hit)
275 http cache is-extglob@https://registry.npmjs.org/is-extglob/-/is-extglob-2.1.1.tgz 1ms (cache hit)
276 http cache is-docker@https://registry.npmjs.org/is-docker/-/is-docker-3.0.0.tgz 0ms (cache hit)
277 http cache is-date-object@https://registry.npmjs.org/is-date-object/-/is-date-object-1.1.0.tgz 0ms (cache hit)
278 http cache is-data-view@https://registry.npmjs.org/is-data-view/-/is-data-view-1.0.2.tgz 0ms (cache hit)
279 http cache is-core-module@https://registry.npmjs.org/is-core-module/-/is-core-module-2.16.1.tgz 0ms (cache hit)
280 http cache is-callable@https://registry.npmjs.org/is-callable/-/is-callable-1.2.7.tgz 0ms (cache hit)
281 http cache is-boolean-object@https://registry.npmjs.org/is-boolean-object/-/is-boolean-object-1.2.2.tgz 0ms (cache hit)
282 http cache is-bun-module@https://registry.npmjs.org/is-bun-module/-/is-bun-module-2.0.0.tgz 0ms (cache hit)
283 http cache is-regex@https://registry.npmjs.org/is-regex/-/is-regex-1.2.1.tgz 0ms (cache hit)
284 http cache is-bigint@https://registry.npmjs.org/is-bigint/-/is-bigint-1.1.0.tgz 0ms (cache hit)
285 http cache is-async-function@https://registry.npmjs.org/is-async-function/-/is-async-function-2.1.1.tgz 0ms (cache hit)
286 http cache is-arrayish@https://registry.npmjs.org/is-arrayish/-/is-arrayish-0.2.1.tgz 0ms (cache hit)
287 http cache is-array-buffer@https://registry.npmjs.org/is-array-buffer/-/is-array-buffer-3.0.5.tgz 0ms (cache hit)
288 http cache ipaddr.js@https://registry.npmjs.org/ipaddr.js/-/ipaddr.js-1.9.1.tgz 0ms (cache hit)
289 http cache ip-address@https://registry.npmjs.org/ip-address/-/ip-address-10.4.0.tgz 0ms (cache hit)
290 http cache internal-slot@https://registry.npmjs.org/internal-slot/-/internal-slot-1.1.0.tgz 0ms (cache hit)
291 http cache inherits@https://registry.npmjs.org/inherits/-/inherits-2.0.4.tgz 0ms (cache hit)
292 http cache imurmurhash@https://registry.npmjs.org/imurmurhash/-/imurmurhash-0.1.4.tgz 0ms (cache hit)
293 http cache import-fresh@https://registry.npmjs.org/import-fresh/-/import-fresh-3.3.1.tgz 0ms (cache hit)
294 http cache ignore@https://registry.npmjs.org/ignore/-/ignore-5.3.2.tgz 0ms (cache hit)
295 http cache human-signals@https://registry.npmjs.org/human-signals/-/human-signals-8.0.1.tgz 0ms (cache hit)
296 http cache iconv-lite@https://registry.npmjs.org/iconv-lite/-/iconv-lite-0.7.2.tgz 0ms (cache hit)
297 http cache https-proxy-agent@https://registry.npmjs.org/https-proxy-agent/-/https-proxy-agent-7.0.6.tgz 0ms (cache hit)
298 http cache http-errors@https://registry.npmjs.org/http-errors/-/http-errors-2.0.1.tgz 0ms (cache hit)
299 http cache hermes-estree@https://registry.npmjs.org/hermes-estree/-/hermes-estree-0.25.1.tgz 0ms (cache hit)
300 http cache hermes-parser@https://registry.npmjs.org/hermes-parser/-/hermes-parser-0.25.1.tgz 0ms (cache hit)
301 http cache headers-polyfill@https://registry.npmjs.org/headers-polyfill/-/headers-polyfill-4.0.3.tgz 0ms (cache hit)
302 http cache hasown@https://registry.npmjs.org/hasown/-/hasown-2.0.2.tgz 0ms (cache hit)
303 http cache has-tostringtag@https://registry.npmjs.org/has-tostringtag/-/has-tostringtag-1.0.2.tgz 0ms (cache hit)
304 http cache has-symbols@https://registry.npmjs.org/has-symbols/-/has-symbols-1.1.0.tgz 0ms (cache hit)
305 http cache has-proto@https://registry.npmjs.org/has-proto/-/has-proto-1.2.0.tgz 0ms (cache hit)
306 http cache has-property-descriptors@https://registry.npmjs.org/has-property-descriptors/-/has-property-descriptors-1.0.2.tgz 0ms (cache hit)
307 http cache has-flag@https://registry.npmjs.org/has-flag/-/has-flag-4.0.0.tgz 1ms (cache hit)
308 http cache has-bigints@https://registry.npmjs.org/has-bigints/-/has-bigints-1.1.0.tgz 0ms (cache hit)
309 http cache graceful-fs@https://registry.npmjs.org/graceful-fs/-/graceful-fs-4.2.11.tgz 0ms (cache hit)
310 http cache gopd@https://registry.npmjs.org/gopd/-/gopd-1.2.0.tgz 0ms (cache hit)
311 http cache globalthis@https://registry.npmjs.org/globalthis/-/globalthis-1.0.4.tgz 0ms (cache hit)
312 http cache glob-parent@https://registry.npmjs.org/glob-parent/-/glob-parent-6.0.2.tgz 0ms (cache hit)
313 http cache globals@https://registry.npmjs.org/globals/-/globals-14.0.0.tgz 0ms (cache hit)
314 http cache get-tsconfig@https://registry.npmjs.org/get-tsconfig/-/get-tsconfig-4.13.7.tgz 0ms (cache hit)
315 http cache get-symbol-description@https://registry.npmjs.org/get-symbol-description/-/get-symbol-description-1.1.0.tgz 0ms (cache hit)
316 http cache get-stream@https://registry.npmjs.org/get-stream/-/get-stream-9.0.1.tgz 0ms (cache hit)
317 http cache get-own-enumerable-keys@https://registry.npmjs.org/get-own-enumerable-keys/-/get-own-enumerable-keys-1.0.0.tgz 0ms (cache hit)
318 http cache get-proto@https://registry.npmjs.org/get-proto/-/get-proto-1.0.1.tgz 0ms (cache hit)
319 http cache get-intrinsic@https://registry.npmjs.org/get-intrinsic/-/get-intrinsic-1.3.0.tgz 0ms (cache hit)
320 http cache gensync@https://registry.npmjs.org/gensync/-/gensync-1.0.0-beta.2.tgz 0ms (cache hit)
321 http cache generator-function@https://registry.npmjs.org/generator-function/-/generator-function-2.0.1.tgz 0ms (cache hit)
322 http cache get-caller-file@https://registry.npmjs.org/get-caller-file/-/get-caller-file-2.0.5.tgz 0ms (cache hit)
323 http cache fuzzysort@https://registry.npmjs.org/fuzzysort/-/fuzzysort-3.1.0.tgz 0ms (cache hit)
324 http cache functions-have-names@https://registry.npmjs.org/functions-have-names/-/functions-have-names-1.2.3.tgz 0ms (cache hit)
325 http cache function.prototype.name@https://registry.npmjs.org/function.prototype.name/-/function.prototype.name-1.1.8.tgz 0ms (cache hit)
326 http cache fs-extra@https://registry.npmjs.org/fs-extra/-/fs-extra-11.3.4.tgz 0ms (cache hit)
327 http cache fresh@https://registry.npmjs.org/fresh/-/fresh-2.0.0.tgz 1ms (cache hit)
328 http cache function-bind@https://registry.npmjs.org/function-bind/-/function-bind-1.1.2.tgz 0ms (cache hit)
329 http cache forwarded@https://registry.npmjs.org/forwarded/-/forwarded-0.2.0.tgz 0ms (cache hit)
330 http cache formdata-polyfill@https://registry.npmjs.org/formdata-polyfill/-/formdata-polyfill-4.0.10.tgz 0ms (cache hit)
331 http cache for-each@https://registry.npmjs.org/for-each/-/for-each-0.3.5.tgz 0ms (cache hit)
332 http cache flatted@https://registry.npmjs.org/flatted/-/flatted-3.4.2.tgz 0ms (cache hit)
333 http cache flat-cache@https://registry.npmjs.org/flat-cache/-/flat-cache-4.0.1.tgz 0ms (cache hit)
334 http cache finalhandler@https://registry.npmjs.org/finalhandler/-/finalhandler-2.1.1.tgz 0ms (cache hit)
335 http cache find-up@https://registry.npmjs.org/find-up/-/find-up-5.0.0.tgz 0ms (cache hit)
336 http cache fill-range@https://registry.npmjs.org/fill-range/-/fill-range-7.1.1.tgz 0ms (cache hit)
337 http cache figures@https://registry.npmjs.org/figures/-/figures-6.1.0.tgz 0ms (cache hit)
338 http cache file-entry-cache@https://registry.npmjs.org/file-entry-cache/-/file-entry-cache-8.0.0.tgz 0ms (cache hit)
339 http cache fetch-blob@https://registry.npmjs.org/fetch-blob/-/fetch-blob-3.2.0.tgz 0ms (cache hit)
340 http cache fastq@https://registry.npmjs.org/fastq/-/fastq-1.20.1.tgz 0ms (cache hit)
341 http cache fast-uri@https://registry.npmjs.org/fast-uri/-/fast-uri-3.1.5.tgz 0ms (cache hit)
342 http cache fast-levenshtein@https://registry.npmjs.org/fast-levenshtein/-/fast-levenshtein-2.0.6.tgz 0ms (cache hit)
343 http cache fast-json-stable-stringify@https://registry.npmjs.org/fast-json-stable-stringify/-/fast-json-stable-stringify-2.1.0.tgz 0ms (cache hit)
344 http cache fast-deep-equal@https://registry.npmjs.org/fast-deep-equal/-/fast-deep-equal-3.1.3.tgz 0ms (cache hit)
345 http cache fast-glob@https://registry.npmjs.org/fast-glob/-/fast-glob-3.3.1.tgz 0ms (cache hit)
346 http cache express@https://registry.npmjs.org/express/-/express-5.2.1.tgz 0ms (cache hit)
347 http cache execa@https://registry.npmjs.org/execa/-/execa-9.6.1.tgz 0ms (cache hit)
348 http cache eventsource-parser@https://registry.npmjs.org/eventsource-parser/-/eventsource-parser-3.0.6.tgz 0ms (cache hit)
349 http cache eventsource@https://registry.npmjs.org/eventsource/-/eventsource-3.0.7.tgz 0ms (cache hit)
350 http cache express-rate-limit@https://registry.npmjs.org/express-rate-limit/-/express-rate-limit-8.6.1.tgz 0ms (cache hit)
351 http cache etag@https://registry.npmjs.org/etag/-/etag-1.8.1.tgz 0ms (cache hit)
352 http cache estraverse@https://registry.npmjs.org/estraverse/-/estraverse-5.3.0.tgz 0ms (cache hit)
353 http cache esutils@https://registry.npmjs.org/esutils/-/esutils-2.0.3.tgz 0ms (cache hit)
354 http cache get-east-asian-width@https://registry.npmjs.org/get-east-asian-width/-/get-east-asian-width-1.5.0.tgz 0ms (cache hit)
355 http cache esrecurse@https://registry.npmjs.org/esrecurse/-/esrecurse-4.3.0.tgz 0ms (cache hit)
356 http cache esquery@https://registry.npmjs.org/esquery/-/esquery-1.7.0.tgz 0ms (cache hit)
357 http cache esprima@https://registry.npmjs.org/esprima/-/esprima-4.0.1.tgz 0ms (cache hit)
358 http cache espree@https://registry.npmjs.org/espree/-/espree-10.4.0.tgz 0ms (cache hit)
359 http cache eslint-visitor-keys@https://registry.npmjs.org/eslint-visitor-keys/-/eslint-visitor-keys-4.2.1.tgz 1ms (cache hit)
360 http cache eslint-scope@https://registry.npmjs.org/eslint-scope/-/eslint-scope-8.4.0.tgz 0ms (cache hit)
361 http cache eslint-plugin-react-hooks@https://registry.npmjs.org/eslint-plugin-react-hooks/-/eslint-plugin-react-hooks-7.0.1.tgz 0ms (cache hit)
362 http cache eslint-plugin-jsx-a11y@https://registry.npmjs.org/eslint-plugin-jsx-a11y/-/eslint-plugin-jsx-a11y-6.10.2.tgz 0ms (cache hit)
363 http cache eslint-module-utils@https://registry.npmjs.org/eslint-module-utils/-/eslint-module-utils-2.12.1.tgz 0ms (cache hit)
364 http cache eslint-import-resolver-typescript@https://registry.npmjs.org/eslint-import-resolver-typescript/-/eslint-import-resolver-typescript-3.10.1.tgz 0ms (cache hit)
365 http cache eslint-import-resolver-node@https://registry.npmjs.org/eslint-import-resolver-node/-/eslint-import-resolver-node-0.3.9.tgz 0ms (cache hit)
366 http cache eslint-config-next@https://registry.npmjs.org/eslint-config-next/-/eslint-config-next-16.3.0.tgz 0ms (cache hit)
367 http cache eslint-plugin-import@https://registry.npmjs.org/eslint-plugin-import/-/eslint-plugin-import-2.32.0.tgz 0ms (cache hit)
368 http cache escape-html@https://registry.npmjs.org/escape-html/-/escape-html-1.0.3.tgz 0ms (cache hit)
369 http cache escape-string-regexp@https://registry.npmjs.org/escape-string-regexp/-/escape-string-regexp-4.0.0.tgz 0ms (cache hit)
370 http cache escalade@https://registry.npmjs.org/escalade/-/escalade-3.2.0.tgz 0ms (cache hit)
371 http cache es-to-primitive@https://registry.npmjs.org/es-to-primitive/-/es-to-primitive-1.3.0.tgz 0ms (cache hit)
372 http cache es-shim-unscopables@https://registry.npmjs.org/es-shim-unscopables/-/es-shim-unscopables-1.1.0.tgz 0ms (cache hit)
373 http cache es-set-tostringtag@https://registry.npmjs.org/es-set-tostringtag/-/es-set-tostringtag-2.1.0.tgz 0ms (cache hit)
374 http cache es-object-atoms@https://registry.npmjs.org/es-object-atoms/-/es-object-atoms-1.1.1.tgz 0ms (cache hit)
375 http cache es-iterator-helpers@https://registry.npmjs.org/es-iterator-helpers/-/es-iterator-helpers-1.3.1.tgz 0ms (cache hit)
376 http cache es-errors@https://registry.npmjs.org/es-errors/-/es-errors-1.3.0.tgz 0ms (cache hit)
377 http cache es-define-property@https://registry.npmjs.org/es-define-property/-/es-define-property-1.0.1.tgz 0ms (cache hit)
378 http cache error-ex@https://registry.npmjs.org/error-ex/-/error-ex-1.3.4.tgz 0ms (cache hit)
379 http cache env-paths@https://registry.npmjs.org/env-paths/-/env-paths-2.2.1.tgz 0ms (cache hit)
380 http cache enhanced-resolve@https://registry.npmjs.org/enhanced-resolve/-/enhanced-resolve-5.20.1.tgz 0ms (cache hit)
381 http cache encodeurl@https://registry.npmjs.org/encodeurl/-/encodeurl-2.0.0.tgz 0ms (cache hit)
382 http cache emoji-regex@https://registry.npmjs.org/emoji-regex/-/emoji-regex-9.2.2.tgz 0ms (cache hit)
383 http cache electron-to-chromium@https://registry.npmjs.org/electron-to-chromium/-/electron-to-chromium-1.5.322.tgz 0ms (cache hit)
384 http cache ee-first@https://registry.npmjs.org/ee-first/-/ee-first-1.1.1.tgz 0ms (cache hit)
385 http cache eciesjs@https://registry.npmjs.org/eciesjs/-/eciesjs-0.4.18.tgz 0ms (cache hit)
386 http cache dunder-proto@https://registry.npmjs.org/dunder-proto/-/dunder-proto-1.0.1.tgz 0ms (cache hit)
387 http cache dotenv@https://registry.npmjs.org/dotenv/-/dotenv-17.3.1.tgz 0ms (cache hit)
388 http cache doctrine@https://registry.npmjs.org/doctrine/-/doctrine-2.1.0.tgz 0ms (cache hit)
389 http cache diff@https://registry.npmjs.org/diff/-/diff-8.0.4.tgz 0ms (cache hit)
390 http cache detect-libc@https://registry.npmjs.org/detect-libc/-/detect-libc-2.1.2.tgz 0ms (cache hit)
391 http cache depd@https://registry.npmjs.org/depd/-/depd-2.0.0.tgz 0ms (cache hit)
392 http cache define-properties@https://registry.npmjs.org/define-properties/-/define-properties-1.2.1.tgz 0ms (cache hit)
393 http cache define-lazy-prop@https://registry.npmjs.org/define-lazy-prop/-/define-lazy-prop-3.0.0.tgz 0ms (cache hit)
394 http cache define-data-property@https://registry.npmjs.org/define-data-property/-/define-data-property-1.1.4.tgz 0ms (cache hit)
395 http cache default-browser-id@https://registry.npmjs.org/default-browser-id/-/default-browser-id-5.0.1.tgz 0ms (cache hit)
396 http cache default-browser@https://registry.npmjs.org/default-browser/-/default-browser-5.5.0.tgz 0ms (cache hit)
397 http cache deepmerge@https://registry.npmjs.org/deepmerge/-/deepmerge-4.3.1.tgz 0ms (cache hit)
398 http cache deep-is@https://registry.npmjs.org/deep-is/-/deep-is-0.1.4.tgz 0ms (cache hit)
399 http cache dedent@https://registry.npmjs.org/dedent/-/dedent-1.7.2.tgz 0ms (cache hit)
400 http cache debug@https://registry.npmjs.org/debug/-/debug-4.4.3.tgz 0ms (cache hit)
401 http cache data-view-byte-offset@https://registry.npmjs.org/data-view-byte-offset/-/data-view-byte-offset-1.0.1.tgz 0ms (cache hit)
402 http cache data-view-byte-length@https://registry.npmjs.org/data-view-byte-length/-/data-view-byte-length-1.0.2.tgz 0ms (cache hit)
403 http cache data-view-buffer@https://registry.npmjs.org/data-view-buffer/-/data-view-buffer-1.0.2.tgz 0ms (cache hit)
404 http cache data-uri-to-buffer@https://registry.npmjs.org/data-uri-to-buffer/-/data-uri-to-buffer-4.0.1.tgz 0ms (cache hit)
405 http cache damerau-levenshtein@https://registry.npmjs.org/damerau-levenshtein/-/damerau-levenshtein-1.0.8.tgz 0ms (cache hit)
406 http cache csstype@https://registry.npmjs.org/csstype/-/csstype-3.2.3.tgz 0ms (cache hit)
407 http cache cssesc@https://registry.npmjs.org/cssesc/-/cssesc-3.0.0.tgz 0ms (cache hit)
408 http cache cross-spawn@https://registry.npmjs.org/cross-spawn/-/cross-spawn-7.0.6.tgz 1ms (cache hit)
409 http cache cosmiconfig@https://registry.npmjs.org/cosmiconfig/-/cosmiconfig-9.0.1.tgz 0ms (cache hit)
410 http cache cors@https://registry.npmjs.org/cors/-/cors-2.8.6.tgz 0ms (cache hit)
411 http cache cookie-signature@https://registry.npmjs.org/cookie-signature/-/cookie-signature-1.2.2.tgz 0ms (cache hit)
412 http cache cookie@https://registry.npmjs.org/cookie/-/cookie-0.7.2.tgz 0ms (cache hit)
413 http cache convert-source-map@https://registry.npmjs.org/convert-source-map/-/convert-source-map-2.0.0.tgz 1ms (cache hit)
414 http cache content-type@https://registry.npmjs.org/content-type/-/content-type-1.0.5.tgz 0ms (cache hit)
415 http cache content-disposition@https://registry.npmjs.org/content-disposition/-/content-disposition-1.0.1.tgz 0ms (cache hit)
416 http cache concat-map@https://registry.npmjs.org/concat-map/-/concat-map-0.0.1.tgz 0ms (cache hit)
417 http cache commander@https://registry.npmjs.org/commander/-/commander-14.0.3.tgz 0ms (cache hit)
418 http cache color-name@https://registry.npmjs.org/color-name/-/color-name-1.1.4.tgz 0ms (cache hit)
419 http cache color-convert@https://registry.npmjs.org/color-convert/-/color-convert-2.0.1.tgz 0ms (cache hit)
420 http cache code-block-writer@https://registry.npmjs.org/code-block-writer/-/code-block-writer-13.0.3.tgz 0ms (cache hit)
421 http cache clsx@https://registry.npmjs.org/clsx/-/clsx-2.1.1.tgz 0ms (cache hit)
422 http cache cliui@https://registry.npmjs.org/cliui/-/cliui-8.0.1.tgz 0ms (cache hit)
423 http cache client-only@https://registry.npmjs.org/client-only/-/client-only-0.0.1.tgz 0ms (cache hit)
424 http cache cli-width@https://registry.npmjs.org/cli-width/-/cli-width-4.1.0.tgz 0ms (cache hit)
425 http cache cli-spinners@https://registry.npmjs.org/cli-spinners/-/cli-spinners-2.9.2.tgz 0ms (cache hit)
426 http cache cli-cursor@https://registry.npmjs.org/cli-cursor/-/cli-cursor-5.0.0.tgz 0ms (cache hit)
427 http cache class-variance-authority@https://registry.npmjs.org/class-variance-authority/-/class-variance-authority-0.7.1.tgz 0ms (cache hit)
428 http cache chalk@https://registry.npmjs.org/chalk/-/chalk-4.1.2.tgz 0ms (cache hit)
429 http cache callsites@https://registry.npmjs.org/callsites/-/callsites-3.1.0.tgz 0ms (cache hit)
430 http cache call-bound@https://registry.npmjs.org/call-bound/-/call-bound-1.0.4.tgz 0ms (cache hit)
431 http cache call-bind-apply-helpers@https://registry.npmjs.org/call-bind-apply-helpers/-/call-bind-apply-helpers-1.0.2.tgz 0ms (cache hit)
432 http cache call-bind@https://registry.npmjs.org/call-bind/-/call-bind-1.0.8.tgz 0ms (cache hit)
433 http cache bytes@https://registry.npmjs.org/bytes/-/bytes-3.1.2.tgz 0ms (cache hit)
434 http cache bundle-name@https://registry.npmjs.org/bundle-name/-/bundle-name-4.1.0.tgz 0ms (cache hit)
435 http cache browserslist@https://registry.npmjs.org/browserslist/-/browserslist-4.28.1.tgz 0ms (cache hit)
436 http cache braces@https://registry.npmjs.org/braces/-/braces-3.0.3.tgz 0ms (cache hit)
437 http cache brace-expansion@https://registry.npmjs.org/brace-expansion/-/brace-expansion-1.1.18.tgz 0ms (cache hit)
438 http cache body-parser@https://registry.npmjs.org/body-parser/-/body-parser-2.3.0.tgz 0ms (cache hit)
439 http cache balanced-match@https://registry.npmjs.org/balanced-match/-/balanced-match-1.0.2.tgz 0ms (cache hit)
440 http cache baseline-browser-mapping@https://registry.npmjs.org/baseline-browser-mapping/-/baseline-browser-mapping-2.10.10.tgz 0ms (cache hit)
441 http cache axobject-query@https://registry.npmjs.org/axobject-query/-/axobject-query-4.1.0.tgz 0ms (cache hit)
442 http cache axe-core@https://registry.npmjs.org/axe-core/-/axe-core-4.11.1.tgz 0ms (cache hit)
443 http cache available-typed-arrays@https://registry.npmjs.org/available-typed-arrays/-/available-typed-arrays-1.0.7.tgz 0ms (cache hit)
444 http cache async-function@https://registry.npmjs.org/async-function/-/async-function-1.0.0.tgz 0ms (cache hit)
445 http cache ast-types-flow@https://registry.npmjs.org/ast-types-flow/-/ast-types-flow-0.0.8.tgz 0ms (cache hit)
446 http cache ast-types@https://registry.npmjs.org/ast-types/-/ast-types-0.16.1.tgz 2ms (cache hit)
447 http cache arraybuffer.prototype.slice@https://registry.npmjs.org/arraybuffer.prototype.slice/-/arraybuffer.prototype.slice-1.0.4.tgz 0ms (cache hit)
448 http cache array.prototype.tosorted@https://registry.npmjs.org/array.prototype.tosorted/-/array.prototype.tosorted-1.1.4.tgz 0ms (cache hit)
449 http cache array.prototype.flatmap@https://registry.npmjs.org/array.prototype.flatmap/-/array.prototype.flatmap-1.3.3.tgz 0ms (cache hit)
450 http cache array.prototype.flat@https://registry.npmjs.org/array.prototype.flat/-/array.prototype.flat-1.3.3.tgz 0ms (cache hit)
451 http cache array.prototype.findlastindex@https://registry.npmjs.org/array.prototype.findlastindex/-/array.prototype.findlastindex-1.2.6.tgz 0ms (cache hit)
452 http cache array-includes@https://registry.npmjs.org/array-includes/-/array-includes-3.1.9.tgz 0ms (cache hit)
453 http cache array.prototype.findlast@https://registry.npmjs.org/array.prototype.findlast/-/array.prototype.findlast-1.2.5.tgz 0ms (cache hit)
454 http cache array-buffer-byte-length@https://registry.npmjs.org/array-buffer-byte-length/-/array-buffer-byte-length-1.0.2.tgz 0ms (cache hit)
455 http cache aria-query@https://registry.npmjs.org/aria-query/-/aria-query-5.3.2.tgz 0ms (cache hit)
456 http cache argparse@https://registry.npmjs.org/argparse/-/argparse-2.0.1.tgz 0ms (cache hit)
457 http cache ansi-styles@https://registry.npmjs.org/ansi-styles/-/ansi-styles-4.3.0.tgz 0ms (cache hit)
458 http cache ansi-regex@https://registry.npmjs.org/ansi-regex/-/ansi-regex-6.2.2.tgz 0ms (cache hit)
459 http cache ajv@https://registry.npmjs.org/ajv/-/ajv-6.14.0.tgz 0ms (cache hit)
460 http cache agent-base@https://registry.npmjs.org/agent-base/-/agent-base-7.1.4.tgz 0ms (cache hit)
461 http cache accepts@https://registry.npmjs.org/accepts/-/accepts-2.0.0.tgz 0ms (cache hit)
462 http cache acorn-jsx@https://registry.npmjs.org/acorn-jsx/-/acorn-jsx-5.3.2.tgz 0ms (cache hit)
463 http cache acorn@https://registry.npmjs.org/acorn/-/acorn-8.16.0.tgz 0ms (cache hit)
464 http cache @unrs/resolver-binding-win32-x64-msvc@https://registry.npmjs.org/@unrs/resolver-binding-win32-x64-msvc/-/resolver-binding-win32-x64-msvc-1.11.1.tgz 0ms (cache hit)
465 http cache @typescript-eslint/utils@https://registry.npmjs.org/@typescript-eslint/utils/-/utils-8.57.2.tgz 0ms (cache hit)
466 http cache @typescript-eslint/visitor-keys@https://registry.npmjs.org/@typescript-eslint/visitor-keys/-/visitor-keys-8.57.2.tgz 0ms (cache hit)
467 http cache @typescript-eslint/typescript-estree@https://registry.npmjs.org/@typescript-eslint/typescript-estree/-/typescript-estree-8.57.2.tgz 0ms (cache hit)
468 http cache @typescript-eslint/types@https://registry.npmjs.org/@typescript-eslint/types/-/types-8.57.2.tgz 0ms (cache hit)
469 http cache @typescript-eslint/type-utils@https://registry.npmjs.org/@typescript-eslint/type-utils/-/type-utils-8.57.2.tgz 0ms (cache hit)
470 http cache @typescript-eslint/tsconfig-utils@https://registry.npmjs.org/@typescript-eslint/tsconfig-utils/-/tsconfig-utils-8.57.2.tgz 0ms (cache hit)
471 http cache @typescript-eslint/project-service@https://registry.npmjs.org/@typescript-eslint/project-service/-/project-service-8.57.2.tgz 0ms (cache hit)
472 http cache @typescript-eslint/parser@https://registry.npmjs.org/@typescript-eslint/parser/-/parser-8.57.2.tgz 0ms (cache hit)
473 http cache @typescript-eslint/eslint-plugin@https://registry.npmjs.org/@typescript-eslint/eslint-plugin/-/eslint-plugin-8.57.2.tgz 0ms (cache hit)
474 http cache @types/validate-npm-package-name@https://registry.npmjs.org/@types/validate-npm-package-name/-/validate-npm-package-name-4.0.2.tgz 0ms (cache hit)
475 http cache @types/statuses@https://registry.npmjs.org/@types/statuses/-/statuses-2.0.6.tgz 0ms (cache hit)
476 http cache @types/react-dom@https://registry.npmjs.org/@types/react-dom/-/react-dom-19.2.3.tgz 0ms (cache hit)
477 http cache @types/react@https://registry.npmjs.org/@types/react/-/react-19.2.14.tgz 0ms (cache hit)
478 http cache @types/node@https://registry.npmjs.org/@types/node/-/node-24.12.0.tgz 0ms (cache hit)
479 http cache @types/json5@https://registry.npmjs.org/@types/json5/-/json5-0.0.29.tgz 0ms (cache hit)
480 http cache @types/estree@https://registry.npmjs.org/@types/estree/-/estree-1.0.8.tgz 0ms (cache hit)
481 http cache @types/json-schema@https://registry.npmjs.org/@types/json-schema/-/json-schema-7.0.15.tgz 0ms (cache hit)
482 http cache @ts-morph/common@https://registry.npmjs.org/@ts-morph/common/-/common-0.27.0.tgz 0ms (cache hit)
483 http cache @tailwindcss/postcss@https://registry.npmjs.org/@tailwindcss/postcss/-/postcss-4.2.2.tgz 0ms (cache hit)
484 http cache @tailwindcss/oxide-win32-x64-msvc@https://registry.npmjs.org/@tailwindcss/oxide-win32-x64-msvc/-/oxide-win32-x64-msvc-4.2.2.tgz 0ms (cache hit)
485 http cache @tailwindcss/oxide@https://registry.npmjs.org/@tailwindcss/oxide/-/oxide-4.2.2.tgz 0ms (cache hit)
486 http cache @tailwindcss/node@https://registry.npmjs.org/@tailwindcss/node/-/node-4.2.2.tgz 0ms (cache hit)
487 http cache @sec-ant/readable-stream@https://registry.npmjs.org/@sec-ant/readable-stream/-/readable-stream-0.4.1.tgz 0ms (cache hit)
488 http cache @sindresorhus/merge-streams@https://registry.npmjs.org/@sindresorhus/merge-streams/-/merge-streams-4.0.0.tgz 0ms (cache hit)
489 http cache @rtsao/scc@https://registry.npmjs.org/@rtsao/scc/-/scc-1.1.0.tgz 0ms (cache hit)
490 http cache @open-draft/until@https://registry.npmjs.org/@open-draft/until/-/until-2.1.0.tgz 0ms (cache hit)
491 http cache @open-draft/logger@https://registry.npmjs.org/@open-draft/logger/-/logger-0.3.0.tgz 0ms (cache hit)
492 http cache @open-draft/deferred-promise@https://registry.npmjs.org/@open-draft/deferred-promise/-/deferred-promise-2.2.0.tgz 1ms (cache hit)
493 http cache @nolyfill/is-core-module@https://registry.npmjs.org/@nolyfill/is-core-module/-/is-core-module-1.0.39.tgz 0ms (cache hit)
494 http cache @nodelib/fs.walk@https://registry.npmjs.org/@nodelib/fs.walk/-/fs.walk-1.2.8.tgz 0ms (cache hit)
495 http cache @nodelib/fs.stat@https://registry.npmjs.org/@nodelib/fs.stat/-/fs.stat-2.0.5.tgz 1ms (cache hit)
496 http cache @nodelib/fs.scandir@https://registry.npmjs.org/@nodelib/fs.scandir/-/fs.scandir-2.1.5.tgz 0ms (cache hit)
497 http cache @noble/hashes@https://registry.npmjs.org/@noble/hashes/-/hashes-1.8.0.tgz 0ms (cache hit)
498 http cache @noble/curves@https://registry.npmjs.org/@noble/curves/-/curves-1.9.7.tgz 0ms (cache hit)
499 http cache @noble/ciphers@https://registry.npmjs.org/@noble/ciphers/-/ciphers-1.3.0.tgz 0ms (cache hit)
500 http cache @next/swc-win32-x64-msvc@https://registry.npmjs.org/@next/swc-win32-x64-msvc/-/swc-win32-x64-msvc-16.3.0.tgz 0ms (cache hit)
501 http cache @next/eslint-plugin-next@https://registry.npmjs.org/@next/eslint-plugin-next/-/eslint-plugin-next-16.3.0.tgz 0ms (cache hit)
502 http cache @next/env@https://registry.npmjs.org/@next/env/-/env-16.3.0.tgz 0ms (cache hit)
503 http cache @jridgewell/resolve-uri@https://registry.npmjs.org/@jridgewell/resolve-uri/-/resolve-uri-3.1.2.tgz 0ms (cache hit)
504 http cache @jridgewell/sourcemap-codec@https://registry.npmjs.org/@jridgewell/sourcemap-codec/-/sourcemap-codec-1.5.5.tgz 0ms (cache hit)
505 http cache @jridgewell/trace-mapping@https://registry.npmjs.org/@jridgewell/trace-mapping/-/trace-mapping-0.3.31.tgz 0ms (cache hit)
506 http cache @jridgewell/remapping@https://registry.npmjs.org/@jridgewell/remapping/-/remapping-2.3.5.tgz 0ms (cache hit)
507 http cache @inquirer/type@https://registry.npmjs.org/@inquirer/type/-/type-3.0.10.tgz 0ms (cache hit)
508 http cache @jridgewell/gen-mapping@https://registry.npmjs.org/@jridgewell/gen-mapping/-/gen-mapping-0.3.13.tgz 0ms (cache hit)
509 http cache @inquirer/figures@https://registry.npmjs.org/@inquirer/figures/-/figures-1.0.15.tgz 0ms (cache hit)
510 http cache @inquirer/core@https://registry.npmjs.org/@inquirer/core/-/core-10.3.2.tgz 1ms (cache hit)
511 http cache @inquirer/confirm@https://registry.npmjs.org/@inquirer/confirm/-/confirm-5.1.21.tgz 0ms (cache hit)
512 http cache @inquirer/ansi@https://registry.npmjs.org/@inquirer/ansi/-/ansi-1.0.2.tgz 0ms (cache hit)
513 http cache @img/colour@https://registry.npmjs.org/@img/colour/-/colour-1.1.0.tgz 0ms (cache hit)
514 http cache @img/sharp-win32-x64@https://registry.npmjs.org/@img/sharp-win32-x64/-/sharp-win32-x64-0.35.3.tgz 0ms (cache hit)
515 http cache @humanwhocodes/retry@https://registry.npmjs.org/@humanwhocodes/retry/-/retry-0.4.3.tgz 0ms (cache hit)
516 http cache @humanwhocodes/module-importer@https://registry.npmjs.org/@humanwhocodes/module-importer/-/module-importer-1.0.1.tgz 0ms (cache hit)
517 http cache @humanfs/node@https://registry.npmjs.org/@humanfs/node/-/node-0.16.7.tgz 0ms (cache hit)
518 http cache @humanfs/core@https://registry.npmjs.org/@humanfs/core/-/core-0.19.1.tgz 0ms (cache hit)
519 http cache @hono/node-server@https://registry.npmjs.org/@hono/node-server/-/node-server-2.0.10.tgz 0ms (cache hit)
520 http cache @floating-ui/utils@https://registry.npmjs.org/@floating-ui/utils/-/utils-0.2.11.tgz 0ms (cache hit)
521 http cache @floating-ui/react-dom@https://registry.npmjs.org/@floating-ui/react-dom/-/react-dom-2.1.8.tgz 0ms (cache hit)
522 http cache @floating-ui/dom@https://registry.npmjs.org/@floating-ui/dom/-/dom-1.7.6.tgz 0ms (cache hit)
523 http cache @floating-ui/core@https://registry.npmjs.org/@floating-ui/core/-/core-1.7.5.tgz 0ms (cache hit)
524 http cache @eslint/plugin-kit@https://registry.npmjs.org/@eslint/plugin-kit/-/plugin-kit-0.4.1.tgz 0ms (cache hit)
525 http cache @eslint/js@https://registry.npmjs.org/@eslint/js/-/js-9.39.4.tgz 0ms (cache hit)
526 http cache @eslint/eslintrc@https://registry.npmjs.org/@eslint/eslintrc/-/eslintrc-3.3.5.tgz 0ms (cache hit)
527 http cache @eslint/object-schema@https://registry.npmjs.org/@eslint/object-schema/-/object-schema-2.1.7.tgz 0ms (cache hit)
528 http cache @eslint/config-helpers@https://registry.npmjs.org/@eslint/config-helpers/-/config-helpers-0.4.2.tgz 0ms (cache hit)
529 http cache @eslint/core@https://registry.npmjs.org/@eslint/core/-/core-0.17.0.tgz 0ms (cache hit)
530 http cache @eslint/config-array@https://registry.npmjs.org/@eslint/config-array/-/config-array-0.21.2.tgz 0ms (cache hit)
531 http cache @eslint-community/regexpp@https://registry.npmjs.org/@eslint-community/regexpp/-/regexpp-4.12.2.tgz 0ms (cache hit)
532 http cache @eslint-community/eslint-utils@https://registry.npmjs.org/@eslint-community/eslint-utils/-/eslint-utils-4.9.1.tgz 0ms (cache hit)
533 http cache @dotenvx/dotenvx@https://registry.npmjs.org/@dotenvx/dotenvx/-/dotenvx-1.57.2.tgz 0ms (cache hit)
534 http cache @base-ui/utils@https://registry.npmjs.org/@base-ui/utils/-/utils-0.2.6.tgz 0ms (cache hit)
535 http cache @babel/types@https://registry.npmjs.org/@babel/types/-/types-7.29.8.tgz 0ms (cache hit)
536 http cache @babel/traverse@https://registry.npmjs.org/@babel/traverse/-/traverse-7.29.8.tgz 0ms (cache hit)
537 http cache @babel/template@https://registry.npmjs.org/@babel/template/-/template-7.29.7.tgz 0ms (cache hit)
538 http cache @babel/preset-typescript@https://registry.npmjs.org/@babel/preset-typescript/-/preset-typescript-7.28.5.tgz 0ms (cache hit)
539 http cache @babel/runtime@https://registry.npmjs.org/@babel/runtime/-/runtime-7.29.2.tgz 0ms (cache hit)
540 http cache @babel/plugin-transform-typescript@https://registry.npmjs.org/@babel/plugin-transform-typescript/-/plugin-transform-typescript-7.28.6.tgz 0ms (cache hit)
541 http cache @babel/plugin-transform-modules-commonjs@https://registry.npmjs.org/@babel/plugin-transform-modules-commonjs/-/plugin-transform-modules-commonjs-7.28.6.tgz 0ms (cache hit)
542 http cache @babel/plugin-syntax-typescript@https://registry.npmjs.org/@babel/plugin-syntax-typescript/-/plugin-syntax-typescript-7.28.6.tgz 0ms (cache hit)
543 http cache @babel/plugin-syntax-jsx@https://registry.npmjs.org/@babel/plugin-syntax-jsx/-/plugin-syntax-jsx-7.28.6.tgz 0ms (cache hit)
544 http cache @babel/parser@https://registry.npmjs.org/@babel/parser/-/parser-7.29.8.tgz 0ms (cache hit)
545 http cache @babel/helpers@https://registry.npmjs.org/@babel/helpers/-/helpers-7.29.7.tgz 0ms (cache hit)
546 http cache @babel/helper-validator-option@https://registry.npmjs.org/@babel/helper-validator-option/-/helper-validator-option-7.29.7.tgz 0ms (cache hit)
547 http cache @babel/helper-validator-identifier@https://registry.npmjs.org/@babel/helper-validator-identifier/-/helper-validator-identifier-7.29.7.tgz 0ms (cache hit)
548 http cache @babel/helper-string-parser@https://registry.npmjs.org/@babel/helper-string-parser/-/helper-string-parser-7.29.7.tgz 0ms (cache hit)
549 http cache @babel/helper-skip-transparent-expression-wrappers@https://registry.npmjs.org/@babel/helper-skip-transparent-expression-wrappers/-/helper-skip-transparent-expression-wrappers-7.27.1.tgz 0ms (cache hit)
550 http cache @babel/helper-replace-supers@https://registry.npmjs.org/@babel/helper-replace-supers/-/helper-replace-supers-7.28.6.tgz 0ms (cache hit)
551 http cache @babel/helper-plugin-utils@https://registry.npmjs.org/@babel/helper-plugin-utils/-/helper-plugin-utils-7.28.6.tgz 0ms (cache hit)
552 http cache @babel/helper-optimise-call-expression@https://registry.npmjs.org/@babel/helper-optimise-call-expression/-/helper-optimise-call-expression-7.27.1.tgz 0ms (cache hit)
553 http cache @babel/helper-module-transforms@https://registry.npmjs.org/@babel/helper-module-transforms/-/helper-module-transforms-7.29.7.tgz 0ms (cache hit)
554 http cache @babel/helper-module-imports@https://registry.npmjs.org/@babel/helper-module-imports/-/helper-module-imports-7.29.7.tgz 0ms (cache hit)
555 http cache @babel/helper-member-expression-to-functions@https://registry.npmjs.org/@babel/helper-member-expression-to-functions/-/helper-member-expression-to-functions-7.28.5.tgz 0ms (cache hit)
556 http cache @babel/helper-globals@https://registry.npmjs.org/@babel/helper-globals/-/helper-globals-7.29.7.tgz 0ms (cache hit)
557 http cache @babel/helper-create-class-features-plugin@https://registry.npmjs.org/@babel/helper-create-class-features-plugin/-/helper-create-class-features-plugin-7.28.6.tgz 0ms (cache hit)
558 http cache @babel/helper-compilation-targets@https://registry.npmjs.org/@babel/helper-compilation-targets/-/helper-compilation-targets-7.29.7.tgz 0ms (cache hit)
559 http cache @babel/helper-annotate-as-pure@https://registry.npmjs.org/@babel/helper-annotate-as-pure/-/helper-annotate-as-pure-7.27.3.tgz 0ms (cache hit)
560 http cache @babel/generator@https://registry.npmjs.org/@babel/generator/-/generator-7.29.8.tgz 0ms (cache hit)
561 http cache @babel/core@https://registry.npmjs.org/@babel/core/-/core-7.29.7.tgz 0ms (cache hit)
562 http cache @babel/compat-data@https://registry.npmjs.org/@babel/compat-data/-/compat-data-7.29.7.tgz 0ms (cache hit)
563 http cache @babel/code-frame@https://registry.npmjs.org/@babel/code-frame/-/code-frame-7.29.7.tgz 0ms (cache hit)
564 http cache @alloc/quick-lru@https://registry.npmjs.org/@alloc/quick-lru/-/quick-lru-5.2.0.tgz 0ms (cache hit)
565 http cache @typescript-eslint/scope-manager@https://registry.npmjs.org/@typescript-eslint/scope-manager/-/scope-manager-8.57.2.tgz 0ms (cache hit)
566 http cache @swc/helpers@https://registry.npmjs.org/@swc/helpers/-/helpers-0.5.15.tgz 0ms (cache hit)
567 http cache @mswjs/interceptors@https://registry.npmjs.org/@mswjs/interceptors/-/interceptors-0.41.3.tgz 0ms (cache hit)
568 http cache next@https://registry.npmjs.org/next/-/next-16.3.0.tgz 0ms (cache hit)
569 http cache @modelcontextprotocol/sdk@https://registry.npmjs.org/@modelcontextprotocol/sdk/-/sdk-1.30.0.tgz 0ms (cache hit)
570 http cache @base-ui/react@https://registry.npmjs.org/@base-ui/react/-/react-1.3.0.tgz 0ms (cache hit)
571 http cache hono@https://registry.npmjs.org/hono/-/hono-4.13.1.tgz 0ms (cache hit)
572 http cache graphql@https://registry.npmjs.org/graphql/-/graphql-16.13.2.tgz 0ms (cache hit)
573 http cache eslint-plugin-react@https://registry.npmjs.org/eslint-plugin-react/-/eslint-plugin-react-7.37.5.tgz 0ms (cache hit)
574 http cache eslint@https://registry.npmjs.org/eslint/-/eslint-9.39.4.tgz 0ms (cache hit)
575 http cache es-abstract@https://registry.npmjs.org/es-abstract/-/es-abstract-1.24.1.tgz 0ms (cache hit)
576 http cache caniuse-lite@https://registry.npmjs.org/caniuse-lite/-/caniuse-lite-1.0.30001781.tgz 0ms (cache hit)
577 http cache ajv-formats@https://registry.npmjs.org/ajv-formats/-/ajv-formats-3.0.1.tgz 0ms (cache hit)
578 http cache strip-ansi@https://registry.npmjs.org/strip-ansi/-/strip-ansi-6.0.1.tgz 0ms (cache hit)
579 http cache string-width@https://registry.npmjs.org/string-width/-/string-width-4.2.3.tgz 0ms (cache hit)
580 http cache emoji-regex@https://registry.npmjs.org/emoji-regex/-/emoji-regex-8.0.0.tgz 0ms (cache hit)
581 http cache ansi-regex@https://registry.npmjs.org/ansi-regex/-/ansi-regex-5.0.1.tgz 0ms (cache hit)
582 http cache strip-ansi@https://registry.npmjs.org/strip-ansi/-/strip-ansi-6.0.1.tgz 0ms (cache hit)
583 http cache string-width@https://registry.npmjs.org/string-width/-/string-width-4.2.3.tgz 0ms (cache hit)
584 http cache emoji-regex@https://registry.npmjs.org/emoji-regex/-/emoji-regex-8.0.0.tgz 0ms (cache hit)
585 http cache ansi-regex@https://registry.npmjs.org/ansi-regex/-/ansi-regex-5.0.1.tgz 0ms (cache hit)
586 http cache content-type@https://registry.npmjs.org/content-type/-/content-type-2.0.0.tgz 0ms (cache hit)
587 http cache json5@https://registry.npmjs.org/json5/-/json5-1.0.2.tgz 0ms (cache hit)
588 http cache picomatch@https://registry.npmjs.org/picomatch/-/picomatch-4.0.4.tgz 0ms (cache hit)
589 http cache fdir@https://registry.npmjs.org/fdir/-/fdir-6.5.0.tgz 0ms (cache hit)
590 http cache emoji-regex@https://registry.npmjs.org/emoji-regex/-/emoji-regex-10.6.0.tgz 0ms (cache hit)
591 http cache semver@https://registry.npmjs.org/semver/-/semver-7.8.5.tgz 0ms (cache hit)
592 http cache zod@https://registry.npmjs.org/zod/-/zod-3.25.76.tgz 0ms (cache hit)
593 http cache glob-parent@https://registry.npmjs.org/glob-parent/-/glob-parent-5.1.2.tgz 0ms (cache hit)
594 http cache tsconfig-paths@https://registry.npmjs.org/tsconfig-paths/-/tsconfig-paths-4.2.0.tgz 0ms (cache hit)
595 http cache fast-glob@https://registry.npmjs.org/fast-glob/-/fast-glob-3.3.3.tgz 0ms (cache hit)
596 http cache path-to-regexp@https://registry.npmjs.org/path-to-regexp/-/path-to-regexp-8.4.2.tgz 0ms (cache hit)
597 http cache kleur@https://registry.npmjs.org/kleur/-/kleur-3.0.3.tgz 0ms (cache hit)
598 http cache chalk@https://registry.npmjs.org/chalk/-/chalk-5.6.2.tgz 0ms (cache hit)
599 http cache path-key@https://registry.npmjs.org/path-key/-/path-key-4.0.0.tgz 0ms (cache hit)
600 http cache cookie@https://registry.npmjs.org/cookie/-/cookie-1.1.1.tgz 0ms (cache hit)
601 http cache is-unicode-supported@https://registry.npmjs.org/is-unicode-supported/-/is-unicode-supported-1.3.0.tgz 0ms (cache hit)
602 http cache chalk@https://registry.npmjs.org/chalk/-/chalk-5.6.2.tgz 0ms (cache hit)
603 http cache semver@https://registry.npmjs.org/semver/-/semver-7.7.4.tgz 0ms (cache hit)
604 http cache glob-parent@https://registry.npmjs.org/glob-parent/-/glob-parent-5.1.2.tgz 0ms (cache hit)
605 http cache debug@https://registry.npmjs.org/debug/-/debug-3.2.7.tgz 0ms (cache hit)
606 http cache debug@https://registry.npmjs.org/debug/-/debug-3.2.7.tgz 0ms (cache hit)
607 http cache debug@https://registry.npmjs.org/debug/-/debug-3.2.7.tgz 0ms (cache hit)
608 http cache globals@https://registry.npmjs.org/globals/-/globals-16.4.0.tgz 0ms (cache hit)
609 http cache wrap-ansi@https://registry.npmjs.org/wrap-ansi/-/wrap-ansi-7.0.0.tgz 0ms (cache hit)
610 http cache strip-ansi@https://registry.npmjs.org/strip-ansi/-/strip-ansi-6.0.1.tgz 0ms (cache hit)
611 http cache emoji-regex@https://registry.npmjs.org/emoji-regex/-/emoji-regex-8.0.0.tgz 0ms (cache hit)
612 http cache string-width@https://registry.npmjs.org/string-width/-/string-width-4.2.3.tgz 0ms (cache hit)
613 http cache ansi-regex@https://registry.npmjs.org/ansi-regex/-/ansi-regex-5.0.1.tgz 0ms (cache hit)
614 http cache content-type@https://registry.npmjs.org/content-type/-/content-type-2.0.0.tgz 0ms (cache hit)
615 http cache eslint-visitor-keys@https://registry.npmjs.org/eslint-visitor-keys/-/eslint-visitor-keys-5.0.1.tgz 0ms (cache hit)
616 http cache semver@https://registry.npmjs.org/semver/-/semver-7.7.4.tgz 0ms (cache hit)
617 http cache minimatch@https://registry.npmjs.org/minimatch/-/minimatch-10.2.4.tgz 0ms (cache hit)
618 http cache brace-expansion@https://registry.npmjs.org/brace-expansion/-/brace-expansion-5.0.9.tgz 0ms (cache hit)
619 http cache balanced-match@https://registry.npmjs.org/balanced-match/-/balanced-match-4.0.4.tgz 0ms (cache hit)
620 http cache ignore@https://registry.npmjs.org/ignore/-/ignore-7.0.5.tgz 0ms (cache hit)
621 http cache minimatch@https://registry.npmjs.org/minimatch/-/minimatch-10.2.4.tgz 0ms (cache hit)
622 http cache glob-parent@https://registry.npmjs.org/glob-parent/-/glob-parent-5.1.2.tgz 0ms (cache hit)
623 http cache fast-glob@https://registry.npmjs.org/fast-glob/-/fast-glob-3.3.3.tgz 0ms (cache hit)
624 http cache brace-expansion@https://registry.npmjs.org/brace-expansion/-/brace-expansion-5.0.9.tgz 0ms (cache hit)
625 http cache balanced-match@https://registry.npmjs.org/balanced-match/-/balanced-match-4.0.4.tgz 0ms (cache hit)
626 http cache eslint-visitor-keys@https://registry.npmjs.org/eslint-visitor-keys/-/eslint-visitor-keys-3.4.3.tgz 0ms (cache hit)
627 http cache which@https://registry.npmjs.org/which/-/which-4.0.0.tgz 0ms (cache hit)
628 http cache strip-final-newline@https://registry.npmjs.org/strip-final-newline/-/strip-final-newline-2.0.0.tgz 0ms (cache hit)
629 http cache signal-exit@https://registry.npmjs.org/signal-exit/-/signal-exit-3.0.7.tgz 0ms (cache hit)
630 http cache picomatch@https://registry.npmjs.org/picomatch/-/picomatch-4.0.4.tgz 0ms (cache hit)
631 http cache onetime@https://registry.npmjs.org/onetime/-/onetime-5.1.2.tgz 0ms (cache hit)
632 http cache npm-run-path@https://registry.npmjs.org/npm-run-path/-/npm-run-path-4.0.1.tgz 0ms (cache hit)
633 http cache isexe@https://registry.npmjs.org/isexe/-/isexe-3.1.5.tgz 0ms (cache hit)
634 http cache is-stream@https://registry.npmjs.org/is-stream/-/is-stream-2.0.1.tgz 0ms (cache hit)
635 http cache human-signals@https://registry.npmjs.org/human-signals/-/human-signals-2.1.0.tgz 0ms (cache hit)
636 http cache get-stream@https://registry.npmjs.org/get-stream/-/get-stream-6.0.1.tgz 0ms (cache hit)
637 http cache fdir@https://registry.npmjs.org/fdir/-/fdir-6.5.0.tgz 0ms (cache hit)
638 http cache execa@https://registry.npmjs.org/execa/-/execa-5.1.1.tgz 0ms (cache hit)
639 http cache commander@https://registry.npmjs.org/commander/-/commander-11.1.0.tgz 0ms (cache hit)
640 http cache json-schema-traverse@https://registry.npmjs.org/json-schema-traverse/-/json-schema-traverse-1.0.0.tgz 0ms (cache hit)
641 http cache ajv@https://registry.npmjs.org/ajv/-/ajv-8.18.0.tgz 0ms (cache hit)
642 http cache resolve@https://registry.npmjs.org/resolve/-/resolve-2.0.0-next.6.tgz 0ms (cache hit)
643 http cache json-schema-traverse@https://registry.npmjs.org/json-schema-traverse/-/json-schema-traverse-1.0.0.tgz 0ms (cache hit)
644 http cache mute-stream@https://registry.npmjs.org/mute-stream/-/mute-stream-2.0.0.tgz 0ms (cache hit)
645 http cache ajv@https://registry.npmjs.org/ajv/-/ajv-8.18.0.tgz 0ms (cache hit)
646 http cache @ecies/ciphers@https://registry.npmjs.org/@ecies/ciphers/-/ciphers-0.2.5.tgz 0ms (cache hit)
647 silly tarball no local data for zod-validation-error@https://registry.npmjs.org/zod-validation-error/-/zod-validation-error-4.0.2.tgz. Extracting by manifest.
648 silly tarball no local data for zod-to-json-schema@https://registry.npmjs.org/zod-to-json-schema/-/zod-to-json-schema-3.25.1.tgz. Extracting by manifest.
649 silly tarball no local data for zod@https://registry.npmjs.org/zod/-/zod-4.3.6.tgz. Extracting by manifest.
650 silly tarball no local data for yoctocolors-cjs@https://registry.npmjs.org/yoctocolors-cjs/-/yoctocolors-cjs-2.1.3.tgz. Extracting by manifest.
651 silly tarball no local data for yoctocolors@https://registry.npmjs.org/yoctocolors/-/yoctocolors-2.1.2.tgz. Extracting by manifest.
652 silly tarball no local data for yocto-queue@https://registry.npmjs.org/yocto-queue/-/yocto-queue-0.1.0.tgz. Extracting by manifest.
653 silly tarball no local data for yargs-parser@https://registry.npmjs.org/yargs-parser/-/yargs-parser-21.1.1.tgz. Extracting by manifest.
654 silly tarball no local data for yargs@https://registry.npmjs.org/yargs/-/yargs-17.7.2.tgz. Extracting by manifest.
655 silly tarball no local data for yallist@https://registry.npmjs.org/yallist/-/yallist-3.1.1.tgz. Extracting by manifest.
656 silly tarball no local data for y18n@https://registry.npmjs.org/y18n/-/y18n-5.0.8.tgz. Extracting by manifest.
657 silly tarball no local data for wsl-utils@https://registry.npmjs.org/wsl-utils/-/wsl-utils-0.3.1.tgz. Extracting by manifest.
658 silly tarball no local data for wrappy@https://registry.npmjs.org/wrappy/-/wrappy-1.0.2.tgz. Extracting by manifest.
659 silly tarball no local data for wrap-ansi@https://registry.npmjs.org/wrap-ansi/-/wrap-ansi-6.2.0.tgz. Extracting by manifest.
660 silly tarball no local data for word-wrap@https://registry.npmjs.org/word-wrap/-/word-wrap-1.2.5.tgz. Extracting by manifest.
661 silly tarball no local data for which-typed-array@https://registry.npmjs.org/which-typed-array/-/which-typed-array-1.1.20.tgz. Extracting by manifest.
662 silly tarball no local data for which-collection@https://registry.npmjs.org/which-collection/-/which-collection-1.0.2.tgz. Extracting by manifest.
663 silly tarball no local data for which-builtin-type@https://registry.npmjs.org/which-builtin-type/-/which-builtin-type-1.2.1.tgz. Extracting by manifest.
664 silly tarball no local data for which-boxed-primitive@https://registry.npmjs.org/which-boxed-primitive/-/which-boxed-primitive-1.1.1.tgz. Extracting by manifest.
665 silly tarball no local data for which@https://registry.npmjs.org/which/-/which-2.0.2.tgz. Extracting by manifest.
666 silly tarball no local data for web-streams-polyfill@https://registry.npmjs.org/web-streams-polyfill/-/web-streams-polyfill-3.3.3.tgz. Extracting by manifest.
667 silly tarball no local data for vary@https://registry.npmjs.org/vary/-/vary-1.1.2.tgz. Extracting by manifest.
668 silly tarball no local data for validate-npm-package-name@https://registry.npmjs.org/validate-npm-package-name/-/validate-npm-package-name-7.0.2.tgz. Extracting by manifest.
669 silly tarball no local data for util-deprecate@https://registry.npmjs.org/util-deprecate/-/util-deprecate-1.0.2.tgz. Extracting by manifest.
670 silly tarball no local data for use-sync-external-store@https://registry.npmjs.org/use-sync-external-store/-/use-sync-external-store-1.6.0.tgz. Extracting by manifest.
671 silly tarball no local data for uri-js@https://registry.npmjs.org/uri-js/-/uri-js-4.4.1.tgz. Extracting by manifest.
672 silly tarball no local data for update-browserslist-db@https://registry.npmjs.org/update-browserslist-db/-/update-browserslist-db-1.2.3.tgz. Extracting by manifest.
673 silly tarball no local data for until-async@https://registry.npmjs.org/until-async/-/until-async-3.0.2.tgz. Extracting by manifest.
674 silly tarball no local data for unrs-resolver@https://registry.npmjs.org/unrs-resolver/-/unrs-resolver-1.11.1.tgz. Extracting by manifest.
675 silly tarball no local data for unpipe@https://registry.npmjs.org/unpipe/-/unpipe-1.0.0.tgz. Extracting by manifest.
676 silly tarball no local data for universalify@https://registry.npmjs.org/universalify/-/universalify-2.0.1.tgz. Extracting by manifest.
677 silly tarball no local data for undici-types@https://registry.npmjs.org/undici-types/-/undici-types-7.16.0.tgz. Extracting by manifest.
678 silly tarball no local data for unicorn-magic@https://registry.npmjs.org/unicorn-magic/-/unicorn-magic-0.3.0.tgz. Extracting by manifest.
679 silly tarball no local data for unbox-primitive@https://registry.npmjs.org/unbox-primitive/-/unbox-primitive-1.1.0.tgz. Extracting by manifest.
680 silly tarball no local data for typescript-eslint@https://registry.npmjs.org/typescript-eslint/-/typescript-eslint-8.57.2.tgz. Extracting by manifest.
681 silly tarball no local data for typescript@https://registry.npmjs.org/typescript/-/typescript-5.9.3.tgz. Extracting by manifest.
682 silly tarball no local data for typed-array-length@https://registry.npmjs.org/typed-array-length/-/typed-array-length-1.0.7.tgz. Extracting by manifest.
683 silly tarball no local data for typed-array-byte-offset@https://registry.npmjs.org/typed-array-byte-offset/-/typed-array-byte-offset-1.0.4.tgz. Extracting by manifest.
684 silly tarball no local data for typed-array-byte-length@https://registry.npmjs.org/typed-array-byte-length/-/typed-array-byte-length-1.0.3.tgz. Extracting by manifest.
685 silly tarball no local data for typed-array-buffer@https://registry.npmjs.org/typed-array-buffer/-/typed-array-buffer-1.0.3.tgz. Extracting by manifest.
686 silly tarball no local data for type-is@https://registry.npmjs.org/type-is/-/type-is-2.1.0.tgz. Extracting by manifest.
687 silly tarball no local data for type-fest@https://registry.npmjs.org/type-fest/-/type-fest-5.5.0.tgz. Extracting by manifest.
688 silly tarball no local data for type-check@https://registry.npmjs.org/type-check/-/type-check-0.4.0.tgz. Extracting by manifest.
689 silly tarball no local data for tw-animate-css@https://registry.npmjs.org/tw-animate-css/-/tw-animate-css-1.4.0.tgz. Extracting by manifest.
690 silly tarball no local data for tslib@https://registry.npmjs.org/tslib/-/tslib-2.8.1.tgz. Extracting by manifest.
691 silly tarball no local data for tsconfig-paths@https://registry.npmjs.org/tsconfig-paths/-/tsconfig-paths-3.15.0.tgz. Extracting by manifest.
692 silly tarball no local data for ts-morph@https://registry.npmjs.org/ts-morph/-/ts-morph-26.0.0.tgz. Extracting by manifest.
693 silly tarball no local data for ts-api-utils@https://registry.npmjs.org/ts-api-utils/-/ts-api-utils-2.5.0.tgz. Extracting by manifest.
694 silly tarball no local data for tough-cookie@https://registry.npmjs.org/tough-cookie/-/tough-cookie-6.0.1.tgz. Extracting by manifest.
695 silly tarball no local data for toidentifier@https://registry.npmjs.org/toidentifier/-/toidentifier-1.0.1.tgz. Extracting by manifest.
696 silly tarball no local data for to-regex-range@https://registry.npmjs.org/to-regex-range/-/to-regex-range-5.0.1.tgz. Extracting by manifest.
697 silly tarball no local data for tldts-core@https://registry.npmjs.org/tldts-core/-/tldts-core-7.0.27.tgz. Extracting by manifest.
698 silly tarball no local data for tldts@https://registry.npmjs.org/tldts/-/tldts-7.0.27.tgz. Extracting by manifest.
699 silly tarball no local data for tinyglobby@https://registry.npmjs.org/tinyglobby/-/tinyglobby-0.2.15.tgz. Extracting by manifest.
700 silly tarball no local data for tiny-invariant@https://registry.npmjs.org/tiny-invariant/-/tiny-invariant-1.3.3.tgz. Extracting by manifest.
701 silly tarball no local data for tapable@https://registry.npmjs.org/tapable/-/tapable-2.3.2.tgz. Extracting by manifest.
702 silly tarball no local data for tailwindcss@https://registry.npmjs.org/tailwindcss/-/tailwindcss-4.2.2.tgz. Extracting by manifest.
703 silly tarball no local data for tailwind-merge@https://registry.npmjs.org/tailwind-merge/-/tailwind-merge-3.5.0.tgz. Extracting by manifest.
704 silly tarball no local data for tagged-tag@https://registry.npmjs.org/tagged-tag/-/tagged-tag-1.0.0.tgz. Extracting by manifest.
705 silly tarball no local data for tabbable@https://registry.npmjs.org/tabbable/-/tabbable-6.4.0.tgz. Extracting by manifest.
706 silly tarball no local data for supports-preserve-symlinks-flag@https://registry.npmjs.org/supports-preserve-symlinks-flag/-/supports-preserve-symlinks-flag-1.0.0.tgz. Extracting by manifest.
707 silly tarball no local data for supports-color@https://registry.npmjs.org/supports-color/-/supports-color-7.2.0.tgz. Extracting by manifest.
708 silly tarball no local data for styled-jsx@https://registry.npmjs.org/styled-jsx/-/styled-jsx-5.1.6.tgz. Extracting by manifest.
709 silly tarball no local data for strip-json-comments@https://registry.npmjs.org/strip-json-comments/-/strip-json-comments-3.1.1.tgz. Extracting by manifest.
710 silly tarball no local data for strip-final-newline@https://registry.npmjs.org/strip-final-newline/-/strip-final-newline-4.0.0.tgz. Extracting by manifest.
711 silly tarball no local data for strip-bom@https://registry.npmjs.org/strip-bom/-/strip-bom-3.0.0.tgz. Extracting by manifest.
712 silly tarball no local data for strip-ansi@https://registry.npmjs.org/strip-ansi/-/strip-ansi-7.2.0.tgz. Extracting by manifest.
713 silly tarball no local data for stringify-object@https://registry.npmjs.org/stringify-object/-/stringify-object-5.0.0.tgz. Extracting by manifest.
714 silly tarball no local data for string.prototype.trimstart@https://registry.npmjs.org/string.prototype.trimstart/-/string.prototype.trimstart-1.0.8.tgz. Extracting by manifest.
715 silly tarball no local data for string.prototype.trimend@https://registry.npmjs.org/string.prototype.trimend/-/string.prototype.trimend-1.0.9.tgz. Extracting by manifest.
716 silly tarball no local data for string.prototype.trim@https://registry.npmjs.org/string.prototype.trim/-/string.prototype.trim-1.2.10.tgz. Extracting by manifest.
717 silly tarball no local data for string.prototype.repeat@https://registry.npmjs.org/string.prototype.repeat/-/string.prototype.repeat-1.0.0.tgz. Extracting by manifest.
718 silly tarball no local data for string.prototype.matchall@https://registry.npmjs.org/string.prototype.matchall/-/string.prototype.matchall-4.0.12.tgz. Extracting by manifest.
719 silly tarball no local data for string.prototype.includes@https://registry.npmjs.org/string.prototype.includes/-/string.prototype.includes-2.0.1.tgz. Extracting by manifest.
720 silly tarball no local data for string-width@https://registry.npmjs.org/string-width/-/string-width-7.2.0.tgz. Extracting by manifest.
721 silly tarball no local data for strict-event-emitter@https://registry.npmjs.org/strict-event-emitter/-/strict-event-emitter-0.5.1.tgz. Extracting by manifest.
722 silly tarball no local data for stop-iteration-iterator@https://registry.npmjs.org/stop-iteration-iterator/-/stop-iteration-iterator-1.1.0.tgz. Extracting by manifest.
723 silly tarball no local data for stdin-discarder@https://registry.npmjs.org/stdin-discarder/-/stdin-discarder-0.2.2.tgz. Extracting by manifest.
724 silly tarball no local data for statuses@https://registry.npmjs.org/statuses/-/statuses-2.0.2.tgz. Extracting by manifest.
725 silly tarball no local data for stable-hash@https://registry.npmjs.org/stable-hash/-/stable-hash-0.0.5.tgz. Extracting by manifest.
726 silly tarball no local data for source-map-js@https://registry.npmjs.org/source-map-js/-/source-map-js-1.2.1.tgz. Extracting by manifest.
727 silly tarball no local data for source-map@https://registry.npmjs.org/source-map/-/source-map-0.6.1.tgz. Extracting by manifest.
728 silly tarball no local data for sisteransi@https://registry.npmjs.org/sisteransi/-/sisteransi-1.0.5.tgz. Extracting by manifest.
729 silly tarball no local data for signal-exit@https://registry.npmjs.org/signal-exit/-/signal-exit-4.1.0.tgz. Extracting by manifest.
730 silly tarball no local data for side-channel-weakmap@https://registry.npmjs.org/side-channel-weakmap/-/side-channel-weakmap-1.0.2.tgz. Extracting by manifest.
731 silly tarball no local data for side-channel-map@https://registry.npmjs.org/side-channel-map/-/side-channel-map-1.0.1.tgz. Extracting by manifest.
732 silly tarball no local data for side-channel-list@https://registry.npmjs.org/side-channel-list/-/side-channel-list-1.0.1.tgz. Extracting by manifest.
733 silly tarball no local data for side-channel@https://registry.npmjs.org/side-channel/-/side-channel-1.1.1.tgz. Extracting by manifest.
734 silly tarball no local data for shebang-regex@https://registry.npmjs.org/shebang-regex/-/shebang-regex-3.0.0.tgz. Extracting by manifest.
735 silly tarball no local data for shebang-command@https://registry.npmjs.org/shebang-command/-/shebang-command-2.0.0.tgz. Extracting by manifest.
736 silly tarball no local data for sharp@https://registry.npmjs.org/sharp/-/sharp-0.35.3.tgz. Extracting by manifest.
737 silly tarball no local data for shadcn@https://registry.npmjs.org/shadcn/-/shadcn-4.1.0.tgz. Extracting by manifest.
738 silly tarball no local data for setprototypeof@https://registry.npmjs.org/setprototypeof/-/setprototypeof-1.2.0.tgz. Extracting by manifest.
739 silly tarball no local data for set-proto@https://registry.npmjs.org/set-proto/-/set-proto-1.0.0.tgz. Extracting by manifest.
740 silly tarball no local data for set-function-name@https://registry.npmjs.org/set-function-name/-/set-function-name-2.0.2.tgz. Extracting by manifest.
741 silly tarball no local data for set-function-length@https://registry.npmjs.org/set-function-length/-/set-function-length-1.2.2.tgz. Extracting by manifest.
742 silly tarball no local data for serve-static@https://registry.npmjs.org/serve-static/-/serve-static-2.2.1.tgz. Extracting by manifest.
743 silly tarball no local data for send@https://registry.npmjs.org/send/-/send-1.2.1.tgz. Extracting by manifest.
744 silly tarball no local data for semver@https://registry.npmjs.org/semver/-/semver-6.3.1.tgz. Extracting by manifest.
745 silly tarball no local data for safer-buffer@https://registry.npmjs.org/safer-buffer/-/safer-buffer-2.1.2.tgz. Extracting by manifest.
746 silly tarball no local data for scheduler@https://registry.npmjs.org/scheduler/-/scheduler-0.27.0.tgz. Extracting by manifest.
747 silly tarball no local data for safe-regex-test@https://registry.npmjs.org/safe-regex-test/-/safe-regex-test-1.1.0.tgz. Extracting by manifest.
748 silly tarball no local data for safe-push-apply@https://registry.npmjs.org/safe-push-apply/-/safe-push-apply-1.0.0.tgz. Extracting by manifest.
749 silly tarball no local data for safe-array-concat@https://registry.npmjs.org/safe-array-concat/-/safe-array-concat-1.1.3.tgz. Extracting by manifest.
750 silly tarball no local data for run-parallel@https://registry.npmjs.org/run-parallel/-/run-parallel-1.2.0.tgz. Extracting by manifest.
751 silly tarball no local data for run-applescript@https://registry.npmjs.org/run-applescript/-/run-applescript-7.1.0.tgz. Extracting by manifest.
752 silly tarball no local data for router@https://registry.npmjs.org/router/-/router-2.2.0.tgz. Extracting by manifest.
753 silly tarball no local data for reusify@https://registry.npmjs.org/reusify/-/reusify-1.1.0.tgz. Extracting by manifest.
754 silly tarball no local data for rettime@https://registry.npmjs.org/rettime/-/rettime-0.10.1.tgz. Extracting by manifest.
755 silly tarball no local data for restore-cursor@https://registry.npmjs.org/restore-cursor/-/restore-cursor-5.1.0.tgz. Extracting by manifest.
756 silly tarball no local data for resolve-pkg-maps@https://registry.npmjs.org/resolve-pkg-maps/-/resolve-pkg-maps-1.0.0.tgz. Extracting by manifest.
757 silly tarball no local data for resolve-from@https://registry.npmjs.org/resolve-from/-/resolve-from-4.0.0.tgz. Extracting by manifest.
758 silly tarball no local data for resolve@https://registry.npmjs.org/resolve/-/resolve-1.22.11.tgz. Extracting by manifest.
759 silly tarball no local data for reselect@https://registry.npmjs.org/reselect/-/reselect-5.1.1.tgz. Extracting by manifest.
760 silly tarball no local data for require-from-string@https://registry.npmjs.org/require-from-string/-/require-from-string-2.0.2.tgz. Extracting by manifest.
761 silly tarball no local data for require-directory@https://registry.npmjs.org/require-directory/-/require-directory-2.1.1.tgz. Extracting by manifest.
762 silly tarball no local data for reflect.getprototypeof@https://registry.npmjs.org/reflect.getprototypeof/-/reflect.getprototypeof-1.0.10.tgz. Extracting by manifest.
763 silly tarball no local data for regexp.prototype.flags@https://registry.npmjs.org/regexp.prototype.flags/-/regexp.prototype.flags-1.5.4.tgz. Extracting by manifest.
764 silly tarball no local data for recast@https://registry.npmjs.org/recast/-/recast-0.23.11.tgz. Extracting by manifest.
765 silly tarball no local data for react-is@https://registry.npmjs.org/react-is/-/react-is-16.13.1.tgz. Extracting by manifest.
766 silly tarball no local data for react-dom@https://registry.npmjs.org/react-dom/-/react-dom-19.2.4.tgz. Extracting by manifest.
767 silly tarball no local data for react@https://registry.npmjs.org/react/-/react-19.2.4.tgz. Extracting by manifest.
768 silly tarball no local data for raw-body@https://registry.npmjs.org/raw-body/-/raw-body-3.0.2.tgz. Extracting by manifest.
769 silly tarball no local data for range-parser@https://registry.npmjs.org/range-parser/-/range-parser-1.2.1.tgz. Extracting by manifest.
770 silly tarball no local data for queue-microtask@https://registry.npmjs.org/queue-microtask/-/queue-microtask-1.2.3.tgz. Extracting by manifest.
771 silly tarball no local data for qs@https://registry.npmjs.org/qs/-/qs-6.15.3.tgz. Extracting by manifest.
772 silly tarball no local data for punycode@https://registry.npmjs.org/punycode/-/punycode-2.3.1.tgz. Extracting by manifest.
773 silly tarball no local data for proxy-addr@https://registry.npmjs.org/proxy-addr/-/proxy-addr-2.0.7.tgz. Extracting by manifest.
774 silly tarball no local data for prop-types@https://registry.npmjs.org/prop-types/-/prop-types-15.8.1.tgz. Extracting by manifest.
775 silly tarball no local data for prompts@https://registry.npmjs.org/prompts/-/prompts-2.4.2.tgz. Extracting by manifest.
776 silly tarball no local data for pretty-ms@https://registry.npmjs.org/pretty-ms/-/pretty-ms-9.3.0.tgz. Extracting by manifest.
777 silly tarball no local data for prelude-ls@https://registry.npmjs.org/prelude-ls/-/prelude-ls-1.2.1.tgz. Extracting by manifest.
778 silly tarball no local data for powershell-utils@https://registry.npmjs.org/powershell-utils/-/powershell-utils-0.1.0.tgz. Extracting by manifest.
779 silly tarball no local data for postcss@https://registry.npmjs.org/postcss/-/postcss-8.5.23.tgz. Extracting by manifest.
780 silly tarball no local data for postcss-selector-parser@https://registry.npmjs.org/postcss-selector-parser/-/postcss-selector-parser-7.1.1.tgz. Extracting by manifest.
781 silly tarball no local data for possible-typed-array-names@https://registry.npmjs.org/possible-typed-array-names/-/possible-typed-array-names-1.1.0.tgz. Extracting by manifest.
782 silly tarball no local data for pkce-challenge@https://registry.npmjs.org/pkce-challenge/-/pkce-challenge-5.0.1.tgz. Extracting by manifest.
783 silly tarball no local data for picomatch@https://registry.npmjs.org/picomatch/-/picomatch-2.3.2.tgz. Extracting by manifest.
784 silly tarball no local data for picocolors@https://registry.npmjs.org/picocolors/-/picocolors-1.1.1.tgz. Extracting by manifest.
785 silly tarball no local data for path-to-regexp@https://registry.npmjs.org/path-to-regexp/-/path-to-regexp-6.3.0.tgz. Extracting by manifest.
786 silly tarball no local data for path-parse@https://registry.npmjs.org/path-parse/-/path-parse-1.0.7.tgz. Extracting by manifest.
787 silly tarball no local data for path-key@https://registry.npmjs.org/path-key/-/path-key-3.1.1.tgz. Extracting by manifest.
788 silly tarball no local data for path-exists@https://registry.npmjs.org/path-exists/-/path-exists-4.0.0.tgz. Extracting by manifest.
789 silly tarball no local data for path-browserify@https://registry.npmjs.org/path-browserify/-/path-browserify-1.0.1.tgz. Extracting by manifest.
790 silly tarball no local data for parseurl@https://registry.npmjs.org/parseurl/-/parseurl-1.3.3.tgz. Extracting by manifest.
791 silly tarball no local data for parse-ms@https://registry.npmjs.org/parse-ms/-/parse-ms-4.0.0.tgz. Extracting by manifest.
792 silly tarball no local data for parse-json@https://registry.npmjs.org/parse-json/-/parse-json-5.2.0.tgz. Extracting by manifest.
793 silly tarball no local data for parent-module@https://registry.npmjs.org/parent-module/-/parent-module-1.0.1.tgz. Extracting by manifest.
794 silly tarball no local data for p-limit@https://registry.npmjs.org/p-limit/-/p-limit-3.1.0.tgz. Extracting by manifest.
795 silly tarball no local data for p-locate@https://registry.npmjs.org/p-locate/-/p-locate-5.0.0.tgz. Extracting by manifest.
796 silly tarball no local data for own-keys@https://registry.npmjs.org/own-keys/-/own-keys-1.0.1.tgz. Extracting by manifest.
797 silly tarball no local data for outvariant@https://registry.npmjs.org/outvariant/-/outvariant-1.4.3.tgz. Extracting by manifest.
798 silly tarball no local data for ora@https://registry.npmjs.org/ora/-/ora-8.2.0.tgz. Extracting by manifest.
799 silly tarball no local data for optionator@https://registry.npmjs.org/optionator/-/optionator-0.9.4.tgz. Extracting by manifest.
800 silly tarball no local data for open@https://registry.npmjs.org/open/-/open-11.0.0.tgz. Extracting by manifest.
801 silly tarball no local data for onetime@https://registry.npmjs.org/onetime/-/onetime-7.0.0.tgz. Extracting by manifest.
802 silly tarball no local data for once@https://registry.npmjs.org/once/-/once-1.4.0.tgz. Extracting by manifest.
803 silly tarball no local data for on-finished@https://registry.npmjs.org/on-finished/-/on-finished-2.4.1.tgz. Extracting by manifest.
804 silly tarball no local data for object.values@https://registry.npmjs.org/object.values/-/object.values-1.2.1.tgz. Extracting by manifest.
805 silly tarball no local data for object.groupby@https://registry.npmjs.org/object.groupby/-/object.groupby-1.0.3.tgz. Extracting by manifest.
806 silly tarball no local data for object.fromentries@https://registry.npmjs.org/object.fromentries/-/object.fromentries-2.0.8.tgz. Extracting by manifest.
807 silly tarball no local data for object.entries@https://registry.npmjs.org/object.entries/-/object.entries-1.1.9.tgz. Extracting by manifest.
808 silly tarball no local data for object.assign@https://registry.npmjs.org/object.assign/-/object.assign-4.1.7.tgz. Extracting by manifest.
809 silly tarball no local data for object-treeify@https://registry.npmjs.org/object-treeify/-/object-treeify-1.1.33.tgz. Extracting by manifest.
810 silly tarball no local data for object-keys@https://registry.npmjs.org/object-keys/-/object-keys-1.1.1.tgz. Extracting by manifest.
811 silly tarball no local data for object-inspect@https://registry.npmjs.org/object-inspect/-/object-inspect-1.13.4.tgz. Extracting by manifest.
812 silly tarball no local data for object-assign@https://registry.npmjs.org/object-assign/-/object-assign-4.1.1.tgz. Extracting by manifest.
813 silly tarball no local data for npm-run-path@https://registry.npmjs.org/npm-run-path/-/npm-run-path-6.0.0.tgz. Extracting by manifest.
814 silly tarball no local data for node-releases@https://registry.npmjs.org/node-releases/-/node-releases-2.0.36.tgz. Extracting by manifest.
815 silly tarball no local data for node-fetch@https://registry.npmjs.org/node-fetch/-/node-fetch-3.3.2.tgz. Extracting by manifest.
816 silly tarball no local data for node-exports-info@https://registry.npmjs.org/node-exports-info/-/node-exports-info-1.6.0.tgz. Extracting by manifest.
817 silly tarball no local data for node-domexception@https://registry.npmjs.org/node-domexception/-/node-domexception-1.0.0.tgz. Extracting by manifest.
818 silly tarball no local data for negotiator@https://registry.npmjs.org/negotiator/-/negotiator-1.0.0.tgz. Extracting by manifest.
819 silly tarball no local data for natural-compare@https://registry.npmjs.org/natural-compare/-/natural-compare-1.4.0.tgz. Extracting by manifest.
820 silly tarball no local data for napi-postinstall@https://registry.npmjs.org/napi-postinstall/-/napi-postinstall-0.3.4.tgz. Extracting by manifest.
821 silly tarball no local data for nanoid@https://registry.npmjs.org/nanoid/-/nanoid-3.3.18.tgz. Extracting by manifest.
822 silly tarball no local data for msw@https://registry.npmjs.org/msw/-/msw-2.12.14.tgz. Extracting by manifest.
823 silly tarball no local data for ms@https://registry.npmjs.org/ms/-/ms-2.1.3.tgz. Extracting by manifest.
824 silly tarball no local data for minimist@https://registry.npmjs.org/minimist/-/minimist-1.2.8.tgz. Extracting by manifest.
825 silly tarball no local data for minimatch@https://registry.npmjs.org/minimatch/-/minimatch-3.1.5.tgz. Extracting by manifest.
826 silly tarball no local data for mimic-function@https://registry.npmjs.org/mimic-function/-/mimic-function-5.0.1.tgz. Extracting by manifest.
827 silly tarball no local data for mimic-fn@https://registry.npmjs.org/mimic-fn/-/mimic-fn-2.1.0.tgz. Extracting by manifest.
828 silly tarball no local data for mime-types@https://registry.npmjs.org/mime-types/-/mime-types-3.0.2.tgz. Extracting by manifest.
829 silly tarball no local data for mime-db@https://registry.npmjs.org/mime-db/-/mime-db-1.54.0.tgz. Extracting by manifest.
830 silly tarball no local data for micromatch@https://registry.npmjs.org/micromatch/-/micromatch-4.0.8.tgz. Extracting by manifest.
831 silly tarball no local data for merge2@https://registry.npmjs.org/merge2/-/merge2-1.4.1.tgz. Extracting by manifest.
832 silly tarball no local data for merge-stream@https://registry.npmjs.org/merge-stream/-/merge-stream-2.0.0.tgz. Extracting by manifest.
833 silly tarball no local data for merge-descriptors@https://registry.npmjs.org/merge-descriptors/-/merge-descriptors-2.0.0.tgz. Extracting by manifest.
834 silly tarball no local data for media-typer@https://registry.npmjs.org/media-typer/-/media-typer-1.1.0.tgz. Extracting by manifest.
835 silly tarball no local data for math-intrinsics@https://registry.npmjs.org/math-intrinsics/-/math-intrinsics-1.1.0.tgz. Extracting by manifest.
836 silly tarball no local data for magic-string@https://registry.npmjs.org/magic-string/-/magic-string-0.30.21.tgz. Extracting by manifest.
837 silly tarball no local data for lucide-react@https://registry.npmjs.org/lucide-react/-/lucide-react-1.6.0.tgz. Extracting by manifest.
838 silly tarball no local data for lru-cache@https://registry.npmjs.org/lru-cache/-/lru-cache-5.1.1.tgz. Extracting by manifest.
839 silly tarball no local data for loose-envify@https://registry.npmjs.org/loose-envify/-/loose-envify-1.4.0.tgz. Extracting by manifest.
840 silly tarball no local data for log-symbols@https://registry.npmjs.org/log-symbols/-/log-symbols-6.0.0.tgz. Extracting by manifest.
841 silly tarball no local data for lodash.merge@https://registry.npmjs.org/lodash.merge/-/lodash.merge-4.6.2.tgz. Extracting by manifest.
842 silly tarball no local data for locate-path@https://registry.npmjs.org/locate-path/-/locate-path-6.0.0.tgz. Extracting by manifest.
843 silly tarball no local data for lines-and-columns@https://registry.npmjs.org/lines-and-columns/-/lines-and-columns-1.2.4.tgz. Extracting by manifest.
844 silly tarball no local data for lightningcss-win32-x64-msvc@https://registry.npmjs.org/lightningcss-win32-x64-msvc/-/lightningcss-win32-x64-msvc-1.32.0.tgz. Extracting by manifest.
845 silly tarball no local data for lightningcss@https://registry.npmjs.org/lightningcss/-/lightningcss-1.32.0.tgz. Extracting by manifest.
846 silly tarball no local data for levn@https://registry.npmjs.org/levn/-/levn-0.4.1.tgz. Extracting by manifest.
847 silly tarball no local data for language-tags@https://registry.npmjs.org/language-tags/-/language-tags-1.0.9.tgz. Extracting by manifest.
848 silly tarball no local data for language-subtag-registry@https://registry.npmjs.org/language-subtag-registry/-/language-subtag-registry-0.3.23.tgz. Extracting by manifest.
849 silly tarball no local data for kleur@https://registry.npmjs.org/kleur/-/kleur-4.1.5.tgz. Extracting by manifest.
850 silly tarball no local data for keyv@https://registry.npmjs.org/keyv/-/keyv-4.5.4.tgz. Extracting by manifest.
851 silly tarball no local data for jsx-ast-utils@https://registry.npmjs.org/jsx-ast-utils/-/jsx-ast-utils-3.3.5.tgz. Extracting by manifest.
852 silly tarball no local data for jsonfile@https://registry.npmjs.org/jsonfile/-/jsonfile-6.2.0.tgz. Extracting by manifest.
853 silly tarball no local data for json5@https://registry.npmjs.org/json5/-/json5-2.2.3.tgz. Extracting by manifest.
854 silly tarball no local data for json-stable-stringify-without-jsonify@https://registry.npmjs.org/json-stable-stringify-without-jsonify/-/json-stable-stringify-without-jsonify-1.0.1.tgz. Extracting by manifest.
855 silly tarball no local data for json-schema-typed@https://registry.npmjs.org/json-schema-typed/-/json-schema-typed-8.0.2.tgz. Extracting by manifest.
856 silly tarball no local data for json-schema-traverse@https://registry.npmjs.org/json-schema-traverse/-/json-schema-traverse-0.4.1.tgz. Extracting by manifest.
857 silly tarball no local data for json-parse-even-better-errors@https://registry.npmjs.org/json-parse-even-better-errors/-/json-parse-even-better-errors-2.3.1.tgz. Extracting by manifest.
858 silly tarball no local data for json-buffer@https://registry.npmjs.org/json-buffer/-/json-buffer-3.0.1.tgz. Extracting by manifest.
859 silly tarball no local data for js-tokens@https://registry.npmjs.org/js-tokens/-/js-tokens-4.0.0.tgz. Extracting by manifest.
860 silly tarball no local data for js-yaml@https://registry.npmjs.org/js-yaml/-/js-yaml-4.3.1.tgz. Extracting by manifest.
861 silly tarball no local data for jsesc@https://registry.npmjs.org/jsesc/-/jsesc-3.1.0.tgz. Extracting by manifest.
862 silly tarball no local data for jose@https://registry.npmjs.org/jose/-/jose-6.2.2.tgz. Extracting by manifest.
863 silly tarball no local data for jiti@https://registry.npmjs.org/jiti/-/jiti-2.6.1.tgz. Extracting by manifest.
864 silly tarball no local data for iterator.prototype@https://registry.npmjs.org/iterator.prototype/-/iterator.prototype-1.1.5.tgz. Extracting by manifest.
865 silly tarball no local data for isexe@https://registry.npmjs.org/isexe/-/isexe-2.0.0.tgz. Extracting by manifest.
866 silly tarball no local data for isarray@https://registry.npmjs.org/isarray/-/isarray-2.0.5.tgz. Extracting by manifest.
867 silly tarball no local data for is-weakset@https://registry.npmjs.org/is-weakset/-/is-weakset-2.0.4.tgz. Extracting by manifest.
868 silly tarball no local data for is-wsl@https://registry.npmjs.org/is-wsl/-/is-wsl-3.1.1.tgz. Extracting by manifest.
869 silly tarball no local data for is-weakref@https://registry.npmjs.org/is-weakref/-/is-weakref-1.1.1.tgz. Extracting by manifest.
870 silly tarball no local data for is-weakmap@https://registry.npmjs.org/is-weakmap/-/is-weakmap-2.0.2.tgz. Extracting by manifest.
871 silly tarball no local data for is-unicode-supported@https://registry.npmjs.org/is-unicode-supported/-/is-unicode-supported-2.1.0.tgz. Extracting by manifest.
872 silly tarball no local data for is-typed-array@https://registry.npmjs.org/is-typed-array/-/is-typed-array-1.1.15.tgz. Extracting by manifest.
873 silly tarball no local data for is-string@https://registry.npmjs.org/is-string/-/is-string-1.1.1.tgz. Extracting by manifest.
874 silly tarball no local data for is-symbol@https://registry.npmjs.org/is-symbol/-/is-symbol-1.1.1.tgz. Extracting by manifest.
875 silly tarball no local data for is-stream@https://registry.npmjs.org/is-stream/-/is-stream-4.0.1.tgz. Extracting by manifest.
876 silly tarball no local data for is-shared-array-buffer@https://registry.npmjs.org/is-shared-array-buffer/-/is-shared-array-buffer-1.0.4.tgz. Extracting by manifest.
877 silly tarball no local data for is-set@https://registry.npmjs.org/is-set/-/is-set-2.0.3.tgz. Extracting by manifest.
878 silly tarball no local data for is-regexp@https://registry.npmjs.org/is-regexp/-/is-regexp-3.1.0.tgz. Extracting by manifest.
879 silly tarball no local data for is-promise@https://registry.npmjs.org/is-promise/-/is-promise-4.0.0.tgz. Extracting by manifest.
880 silly tarball no local data for is-obj@https://registry.npmjs.org/is-obj/-/is-obj-3.0.0.tgz. Extracting by manifest.
881 silly tarball no local data for is-plain-obj@https://registry.npmjs.org/is-plain-obj/-/is-plain-obj-4.1.0.tgz. Extracting by manifest.
882 silly tarball no local data for is-number-object@https://registry.npmjs.org/is-number-object/-/is-number-object-1.1.1.tgz. Extracting by manifest.
883 silly tarball no local data for is-number@https://registry.npmjs.org/is-number/-/is-number-7.0.0.tgz. Extracting by manifest.
884 silly tarball no local data for is-node-process@https://registry.npmjs.org/is-node-process/-/is-node-process-1.2.0.tgz. Extracting by manifest.
885 silly tarball no local data for is-negative-zero@https://registry.npmjs.org/is-negative-zero/-/is-negative-zero-2.0.3.tgz. Extracting by manifest.
886 silly tarball no local data for is-map@https://registry.npmjs.org/is-map/-/is-map-2.0.3.tgz. Extracting by manifest.
887 silly tarball no local data for is-interactive@https://registry.npmjs.org/is-interactive/-/is-interactive-2.0.0.tgz. Extracting by manifest.
888 silly tarball no local data for is-inside-container@https://registry.npmjs.org/is-inside-container/-/is-inside-container-1.0.0.tgz. Extracting by manifest.
889 silly tarball no local data for is-in-ssh@https://registry.npmjs.org/is-in-ssh/-/is-in-ssh-1.0.0.tgz. Extracting by manifest.
890 silly tarball no local data for is-glob@https://registry.npmjs.org/is-glob/-/is-glob-4.0.3.tgz. Extracting by manifest.
891 silly tarball no local data for is-generator-function@https://registry.npmjs.org/is-generator-function/-/is-generator-function-1.1.2.tgz. Extracting by manifest.
892 silly tarball no local data for is-fullwidth-code-point@https://registry.npmjs.org/is-fullwidth-code-point/-/is-fullwidth-code-point-3.0.0.tgz. Extracting by manifest.
893 silly tarball no local data for is-finalizationregistry@https://registry.npmjs.org/is-finalizationregistry/-/is-finalizationregistry-1.1.1.tgz. Extracting by manifest.
894 silly tarball no local data for is-extglob@https://registry.npmjs.org/is-extglob/-/is-extglob-2.1.1.tgz. Extracting by manifest.
895 silly tarball no local data for is-docker@https://registry.npmjs.org/is-docker/-/is-docker-3.0.0.tgz. Extracting by manifest.
896 silly tarball no local data for is-date-object@https://registry.npmjs.org/is-date-object/-/is-date-object-1.1.0.tgz. Extracting by manifest.
897 silly tarball no local data for is-data-view@https://registry.npmjs.org/is-data-view/-/is-data-view-1.0.2.tgz. Extracting by manifest.
898 silly tarball no local data for is-core-module@https://registry.npmjs.org/is-core-module/-/is-core-module-2.16.1.tgz. Extracting by manifest.
899 silly tarball no local data for is-callable@https://registry.npmjs.org/is-callable/-/is-callable-1.2.7.tgz. Extracting by manifest.
900 silly tarball no local data for is-boolean-object@https://registry.npmjs.org/is-boolean-object/-/is-boolean-object-1.2.2.tgz. Extracting by manifest.
901 silly tarball no local data for is-bun-module@https://registry.npmjs.org/is-bun-module/-/is-bun-module-2.0.0.tgz. Extracting by manifest.
902 silly tarball no local data for is-regex@https://registry.npmjs.org/is-regex/-/is-regex-1.2.1.tgz. Extracting by manifest.
903 silly tarball no local data for is-bigint@https://registry.npmjs.org/is-bigint/-/is-bigint-1.1.0.tgz. Extracting by manifest.
904 silly tarball no local data for is-async-function@https://registry.npmjs.org/is-async-function/-/is-async-function-2.1.1.tgz. Extracting by manifest.
905 silly tarball no local data for is-arrayish@https://registry.npmjs.org/is-arrayish/-/is-arrayish-0.2.1.tgz. Extracting by manifest.
906 silly tarball no local data for is-array-buffer@https://registry.npmjs.org/is-array-buffer/-/is-array-buffer-3.0.5.tgz. Extracting by manifest.
907 silly tarball no local data for ipaddr.js@https://registry.npmjs.org/ipaddr.js/-/ipaddr.js-1.9.1.tgz. Extracting by manifest.
908 silly tarball no local data for ip-address@https://registry.npmjs.org/ip-address/-/ip-address-10.4.0.tgz. Extracting by manifest.
909 silly tarball no local data for internal-slot@https://registry.npmjs.org/internal-slot/-/internal-slot-1.1.0.tgz. Extracting by manifest.
910 silly tarball no local data for inherits@https://registry.npmjs.org/inherits/-/inherits-2.0.4.tgz. Extracting by manifest.
911 silly tarball no local data for imurmurhash@https://registry.npmjs.org/imurmurhash/-/imurmurhash-0.1.4.tgz. Extracting by manifest.
912 silly tarball no local data for import-fresh@https://registry.npmjs.org/import-fresh/-/import-fresh-3.3.1.tgz. Extracting by manifest.
913 silly tarball no local data for ignore@https://registry.npmjs.org/ignore/-/ignore-5.3.2.tgz. Extracting by manifest.
914 silly tarball no local data for human-signals@https://registry.npmjs.org/human-signals/-/human-signals-8.0.1.tgz. Extracting by manifest.
915 silly tarball no local data for iconv-lite@https://registry.npmjs.org/iconv-lite/-/iconv-lite-0.7.2.tgz. Extracting by manifest.
916 silly tarball no local data for https-proxy-agent@https://registry.npmjs.org/https-proxy-agent/-/https-proxy-agent-7.0.6.tgz. Extracting by manifest.
917 silly tarball no local data for http-errors@https://registry.npmjs.org/http-errors/-/http-errors-2.0.1.tgz. Extracting by manifest.
918 silly tarball no local data for hermes-estree@https://registry.npmjs.org/hermes-estree/-/hermes-estree-0.25.1.tgz. Extracting by manifest.
919 silly tarball no local data for hermes-parser@https://registry.npmjs.org/hermes-parser/-/hermes-parser-0.25.1.tgz. Extracting by manifest.
920 silly tarball no local data for headers-polyfill@https://registry.npmjs.org/headers-polyfill/-/headers-polyfill-4.0.3.tgz. Extracting by manifest.
921 silly tarball no local data for hasown@https://registry.npmjs.org/hasown/-/hasown-2.0.2.tgz. Extracting by manifest.
922 silly tarball no local data for has-tostringtag@https://registry.npmjs.org/has-tostringtag/-/has-tostringtag-1.0.2.tgz. Extracting by manifest.
923 silly tarball no local data for has-symbols@https://registry.npmjs.org/has-symbols/-/has-symbols-1.1.0.tgz. Extracting by manifest.
924 silly tarball no local data for has-proto@https://registry.npmjs.org/has-proto/-/has-proto-1.2.0.tgz. Extracting by manifest.
925 silly tarball no local data for has-property-descriptors@https://registry.npmjs.org/has-property-descriptors/-/has-property-descriptors-1.0.2.tgz. Extracting by manifest.
926 silly tarball no local data for has-flag@https://registry.npmjs.org/has-flag/-/has-flag-4.0.0.tgz. Extracting by manifest.
927 silly tarball no local data for has-bigints@https://registry.npmjs.org/has-bigints/-/has-bigints-1.1.0.tgz. Extracting by manifest.
928 silly tarball no local data for graceful-fs@https://registry.npmjs.org/graceful-fs/-/graceful-fs-4.2.11.tgz. Extracting by manifest.
929 silly tarball no local data for gopd@https://registry.npmjs.org/gopd/-/gopd-1.2.0.tgz. Extracting by manifest.
930 silly tarball no local data for globalthis@https://registry.npmjs.org/globalthis/-/globalthis-1.0.4.tgz. Extracting by manifest.
931 silly tarball no local data for glob-parent@https://registry.npmjs.org/glob-parent/-/glob-parent-6.0.2.tgz. Extracting by manifest.
932 silly tarball no local data for globals@https://registry.npmjs.org/globals/-/globals-14.0.0.tgz. Extracting by manifest.
933 silly tarball no local data for get-tsconfig@https://registry.npmjs.org/get-tsconfig/-/get-tsconfig-4.13.7.tgz. Extracting by manifest.
934 silly tarball no local data for get-symbol-description@https://registry.npmjs.org/get-symbol-description/-/get-symbol-description-1.1.0.tgz. Extracting by manifest.
935 silly tarball no local data for get-stream@https://registry.npmjs.org/get-stream/-/get-stream-9.0.1.tgz. Extracting by manifest.
936 silly tarball no local data for get-own-enumerable-keys@https://registry.npmjs.org/get-own-enumerable-keys/-/get-own-enumerable-keys-1.0.0.tgz. Extracting by manifest.
937 silly tarball no local data for get-proto@https://registry.npmjs.org/get-proto/-/get-proto-1.0.1.tgz. Extracting by manifest.
938 silly tarball no local data for get-intrinsic@https://registry.npmjs.org/get-intrinsic/-/get-intrinsic-1.3.0.tgz. Extracting by manifest.
939 silly tarball no local data for gensync@https://registry.npmjs.org/gensync/-/gensync-1.0.0-beta.2.tgz. Extracting by manifest.
940 silly tarball no local data for generator-function@https://registry.npmjs.org/generator-function/-/generator-function-2.0.1.tgz. Extracting by manifest.
941 silly tarball no local data for get-caller-file@https://registry.npmjs.org/get-caller-file/-/get-caller-file-2.0.5.tgz. Extracting by manifest.
942 silly tarball no local data for fuzzysort@https://registry.npmjs.org/fuzzysort/-/fuzzysort-3.1.0.tgz. Extracting by manifest.
943 silly tarball no local data for functions-have-names@https://registry.npmjs.org/functions-have-names/-/functions-have-names-1.2.3.tgz. Extracting by manifest.
944 silly tarball no local data for function.prototype.name@https://registry.npmjs.org/function.prototype.name/-/function.prototype.name-1.1.8.tgz. Extracting by manifest.
945 silly tarball no local data for fs-extra@https://registry.npmjs.org/fs-extra/-/fs-extra-11.3.4.tgz. Extracting by manifest.
946 silly tarball no local data for fresh@https://registry.npmjs.org/fresh/-/fresh-2.0.0.tgz. Extracting by manifest.
947 silly tarball no local data for function-bind@https://registry.npmjs.org/function-bind/-/function-bind-1.1.2.tgz. Extracting by manifest.
948 silly tarball no local data for forwarded@https://registry.npmjs.org/forwarded/-/forwarded-0.2.0.tgz. Extracting by manifest.
949 silly tarball no local data for formdata-polyfill@https://registry.npmjs.org/formdata-polyfill/-/formdata-polyfill-4.0.10.tgz. Extracting by manifest.
950 silly tarball no local data for for-each@https://registry.npmjs.org/for-each/-/for-each-0.3.5.tgz. Extracting by manifest.
951 silly tarball no local data for flatted@https://registry.npmjs.org/flatted/-/flatted-3.4.2.tgz. Extracting by manifest.
952 silly tarball no local data for flat-cache@https://registry.npmjs.org/flat-cache/-/flat-cache-4.0.1.tgz. Extracting by manifest.
953 silly tarball no local data for finalhandler@https://registry.npmjs.org/finalhandler/-/finalhandler-2.1.1.tgz. Extracting by manifest.
954 silly tarball no local data for find-up@https://registry.npmjs.org/find-up/-/find-up-5.0.0.tgz. Extracting by manifest.
955 silly tarball no local data for fill-range@https://registry.npmjs.org/fill-range/-/fill-range-7.1.1.tgz. Extracting by manifest.
956 silly tarball no local data for figures@https://registry.npmjs.org/figures/-/figures-6.1.0.tgz. Extracting by manifest.
957 silly tarball no local data for file-entry-cache@https://registry.npmjs.org/file-entry-cache/-/file-entry-cache-8.0.0.tgz. Extracting by manifest.
958 silly tarball no local data for fetch-blob@https://registry.npmjs.org/fetch-blob/-/fetch-blob-3.2.0.tgz. Extracting by manifest.
959 silly tarball no local data for fastq@https://registry.npmjs.org/fastq/-/fastq-1.20.1.tgz. Extracting by manifest.
960 silly tarball no local data for fast-uri@https://registry.npmjs.org/fast-uri/-/fast-uri-3.1.5.tgz. Extracting by manifest.
961 silly tarball no local data for fast-levenshtein@https://registry.npmjs.org/fast-levenshtein/-/fast-levenshtein-2.0.6.tgz. Extracting by manifest.
962 silly tarball no local data for fast-json-stable-stringify@https://registry.npmjs.org/fast-json-stable-stringify/-/fast-json-stable-stringify-2.1.0.tgz. Extracting by manifest.
963 silly tarball no local data for fast-deep-equal@https://registry.npmjs.org/fast-deep-equal/-/fast-deep-equal-3.1.3.tgz. Extracting by manifest.
964 silly tarball no local data for fast-glob@https://registry.npmjs.org/fast-glob/-/fast-glob-3.3.1.tgz. Extracting by manifest.
965 silly tarball no local data for express@https://registry.npmjs.org/express/-/express-5.2.1.tgz. Extracting by manifest.
966 silly tarball no local data for execa@https://registry.npmjs.org/execa/-/execa-9.6.1.tgz. Extracting by manifest.
967 silly tarball no local data for eventsource-parser@https://registry.npmjs.org/eventsource-parser/-/eventsource-parser-3.0.6.tgz. Extracting by manifest.
968 silly tarball no local data for eventsource@https://registry.npmjs.org/eventsource/-/eventsource-3.0.7.tgz. Extracting by manifest.
969 silly tarball no local data for express-rate-limit@https://registry.npmjs.org/express-rate-limit/-/express-rate-limit-8.6.1.tgz. Extracting by manifest.
970 silly tarball no local data for etag@https://registry.npmjs.org/etag/-/etag-1.8.1.tgz. Extracting by manifest.
971 silly tarball no local data for estraverse@https://registry.npmjs.org/estraverse/-/estraverse-5.3.0.tgz. Extracting by manifest.
972 silly tarball no local data for esutils@https://registry.npmjs.org/esutils/-/esutils-2.0.3.tgz. Extracting by manifest.
973 silly tarball no local data for get-east-asian-width@https://registry.npmjs.org/get-east-asian-width/-/get-east-asian-width-1.5.0.tgz. Extracting by manifest.
974 silly tarball no local data for esrecurse@https://registry.npmjs.org/esrecurse/-/esrecurse-4.3.0.tgz. Extracting by manifest.
975 silly tarball no local data for esquery@https://registry.npmjs.org/esquery/-/esquery-1.7.0.tgz. Extracting by manifest.
976 silly tarball no local data for esprima@https://registry.npmjs.org/esprima/-/esprima-4.0.1.tgz. Extracting by manifest.
977 silly tarball no local data for espree@https://registry.npmjs.org/espree/-/espree-10.4.0.tgz. Extracting by manifest.
978 silly tarball no local data for eslint-visitor-keys@https://registry.npmjs.org/eslint-visitor-keys/-/eslint-visitor-keys-4.2.1.tgz. Extracting by manifest.
979 silly tarball no local data for eslint-scope@https://registry.npmjs.org/eslint-scope/-/eslint-scope-8.4.0.tgz. Extracting by manifest.
980 silly tarball no local data for eslint-plugin-react-hooks@https://registry.npmjs.org/eslint-plugin-react-hooks/-/eslint-plugin-react-hooks-7.0.1.tgz. Extracting by manifest.
981 silly tarball no local data for eslint-plugin-jsx-a11y@https://registry.npmjs.org/eslint-plugin-jsx-a11y/-/eslint-plugin-jsx-a11y-6.10.2.tgz. Extracting by manifest.
982 silly tarball no local data for eslint-module-utils@https://registry.npmjs.org/eslint-module-utils/-/eslint-module-utils-2.12.1.tgz. Extracting by manifest.
983 silly tarball no local data for eslint-import-resolver-typescript@https://registry.npmjs.org/eslint-import-resolver-typescript/-/eslint-import-resolver-typescript-3.10.1.tgz. Extracting by manifest.
984 silly tarball no local data for eslint-import-resolver-node@https://registry.npmjs.org/eslint-import-resolver-node/-/eslint-import-resolver-node-0.3.9.tgz. Extracting by manifest.
985 silly tarball no local data for eslint-config-next@https://registry.npmjs.org/eslint-config-next/-/eslint-config-next-16.3.0.tgz. Extracting by manifest.
986 silly tarball no local data for eslint-plugin-import@https://registry.npmjs.org/eslint-plugin-import/-/eslint-plugin-import-2.32.0.tgz. Extracting by manifest.
987 silly tarball no local data for escape-html@https://registry.npmjs.org/escape-html/-/escape-html-1.0.3.tgz. Extracting by manifest.
988 silly tarball no local data for escape-string-regexp@https://registry.npmjs.org/escape-string-regexp/-/escape-string-regexp-4.0.0.tgz. Extracting by manifest.
989 silly tarball no local data for escalade@https://registry.npmjs.org/escalade/-/escalade-3.2.0.tgz. Extracting by manifest.
990 silly tarball no local data for es-to-primitive@https://registry.npmjs.org/es-to-primitive/-/es-to-primitive-1.3.0.tgz. Extracting by manifest.
991 silly tarball no local data for es-shim-unscopables@https://registry.npmjs.org/es-shim-unscopables/-/es-shim-unscopables-1.1.0.tgz. Extracting by manifest.
992 silly tarball no local data for es-set-tostringtag@https://registry.npmjs.org/es-set-tostringtag/-/es-set-tostringtag-2.1.0.tgz. Extracting by manifest.
993 silly tarball no local data for es-object-atoms@https://registry.npmjs.org/es-object-atoms/-/es-object-atoms-1.1.1.tgz. Extracting by manifest.
994 silly tarball no local data for es-iterator-helpers@https://registry.npmjs.org/es-iterator-helpers/-/es-iterator-helpers-1.3.1.tgz. Extracting by manifest.
995 silly tarball no local data for es-errors@https://registry.npmjs.org/es-errors/-/es-errors-1.3.0.tgz. Extracting by manifest.
996 silly tarball no local data for es-define-property@https://registry.npmjs.org/es-define-property/-/es-define-property-1.0.1.tgz. Extracting by manifest.
997 silly tarball no local data for error-ex@https://registry.npmjs.org/error-ex/-/error-ex-1.3.4.tgz. Extracting by manifest.
998 silly tarball no local data for env-paths@https://registry.npmjs.org/env-paths/-/env-paths-2.2.1.tgz. Extracting by manifest.
999 silly tarball no local data for enhanced-resolve@https://registry.npmjs.org/enhanced-resolve/-/enhanced-resolve-5.20.1.tgz. Extracting by manifest.
1000 silly tarball no local data for encodeurl@https://registry.npmjs.org/encodeurl/-/encodeurl-2.0.0.tgz. Extracting by manifest.
1001 silly tarball no local data for emoji-regex@https://registry.npmjs.org/emoji-regex/-/emoji-regex-9.2.2.tgz. Extracting by manifest.
1002 silly tarball no local data for electron-to-chromium@https://registry.npmjs.org/electron-to-chromium/-/electron-to-chromium-1.5.322.tgz. Extracting by manifest.
1003 silly tarball no local data for ee-first@https://registry.npmjs.org/ee-first/-/ee-first-1.1.1.tgz. Extracting by manifest.
1004 silly tarball no local data for eciesjs@https://registry.npmjs.org/eciesjs/-/eciesjs-0.4.18.tgz. Extracting by manifest.
1005 silly tarball no local data for dunder-proto@https://registry.npmjs.org/dunder-proto/-/dunder-proto-1.0.1.tgz. Extracting by manifest.
1006 silly tarball no local data for dotenv@https://registry.npmjs.org/dotenv/-/dotenv-17.3.1.tgz. Extracting by manifest.
1007 silly tarball no local data for doctrine@https://registry.npmjs.org/doctrine/-/doctrine-2.1.0.tgz. Extracting by manifest.
1008 silly tarball no local data for diff@https://registry.npmjs.org/diff/-/diff-8.0.4.tgz. Extracting by manifest.
1009 silly tarball no local data for detect-libc@https://registry.npmjs.org/detect-libc/-/detect-libc-2.1.2.tgz. Extracting by manifest.
1010 silly tarball no local data for depd@https://registry.npmjs.org/depd/-/depd-2.0.0.tgz. Extracting by manifest.
1011 silly tarball no local data for define-properties@https://registry.npmjs.org/define-properties/-/define-properties-1.2.1.tgz. Extracting by manifest.
1012 silly tarball no local data for define-lazy-prop@https://registry.npmjs.org/define-lazy-prop/-/define-lazy-prop-3.0.0.tgz. Extracting by manifest.
1013 silly tarball no local data for define-data-property@https://registry.npmjs.org/define-data-property/-/define-data-property-1.1.4.tgz. Extracting by manifest.
1014 silly tarball no local data for default-browser-id@https://registry.npmjs.org/default-browser-id/-/default-browser-id-5.0.1.tgz. Extracting by manifest.
1015 silly tarball no local data for default-browser@https://registry.npmjs.org/default-browser/-/default-browser-5.5.0.tgz. Extracting by manifest.
1016 silly tarball no local data for deepmerge@https://registry.npmjs.org/deepmerge/-/deepmerge-4.3.1.tgz. Extracting by manifest.
1017 silly tarball no local data for deep-is@https://registry.npmjs.org/deep-is/-/deep-is-0.1.4.tgz. Extracting by manifest.
1018 silly tarball no local data for dedent@https://registry.npmjs.org/dedent/-/dedent-1.7.2.tgz. Extracting by manifest.
1019 silly tarball no local data for debug@https://registry.npmjs.org/debug/-/debug-4.4.3.tgz. Extracting by manifest.
1020 silly tarball no local data for data-view-byte-offset@https://registry.npmjs.org/data-view-byte-offset/-/data-view-byte-offset-1.0.1.tgz. Extracting by manifest.
1021 silly tarball no local data for data-view-byte-length@https://registry.npmjs.org/data-view-byte-length/-/data-view-byte-length-1.0.2.tgz. Extracting by manifest.
1022 silly tarball no local data for data-view-buffer@https://registry.npmjs.org/data-view-buffer/-/data-view-buffer-1.0.2.tgz. Extracting by manifest.
1023 silly tarball no local data for data-uri-to-buffer@https://registry.npmjs.org/data-uri-to-buffer/-/data-uri-to-buffer-4.0.1.tgz. Extracting by manifest.
1024 silly tarball no local data for damerau-levenshtein@https://registry.npmjs.org/damerau-levenshtein/-/damerau-levenshtein-1.0.8.tgz. Extracting by manifest.
1025 silly tarball no local data for csstype@https://registry.npmjs.org/csstype/-/csstype-3.2.3.tgz. Extracting by manifest.
1026 silly tarball no local data for cssesc@https://registry.npmjs.org/cssesc/-/cssesc-3.0.0.tgz. Extracting by manifest.
1027 silly tarball no local data for cross-spawn@https://registry.npmjs.org/cross-spawn/-/cross-spawn-7.0.6.tgz. Extracting by manifest.
1028 silly tarball no local data for cosmiconfig@https://registry.npmjs.org/cosmiconfig/-/cosmiconfig-9.0.1.tgz. Extracting by manifest.
1029 silly tarball no local data for cors@https://registry.npmjs.org/cors/-/cors-2.8.6.tgz. Extracting by manifest.
1030 silly tarball no local data for cookie-signature@https://registry.npmjs.org/cookie-signature/-/cookie-signature-1.2.2.tgz. Extracting by manifest.
1031 silly tarball no local data for cookie@https://registry.npmjs.org/cookie/-/cookie-0.7.2.tgz. Extracting by manifest.
1032 silly tarball no local data for convert-source-map@https://registry.npmjs.org/convert-source-map/-/convert-source-map-2.0.0.tgz. Extracting by manifest.
1033 silly tarball no local data for content-type@https://registry.npmjs.org/content-type/-/content-type-1.0.5.tgz. Extracting by manifest.
1034 silly tarball no local data for content-disposition@https://registry.npmjs.org/content-disposition/-/content-disposition-1.0.1.tgz. Extracting by manifest.
1035 silly tarball no local data for concat-map@https://registry.npmjs.org/concat-map/-/concat-map-0.0.1.tgz. Extracting by manifest.
1036 silly tarball no local data for commander@https://registry.npmjs.org/commander/-/commander-14.0.3.tgz. Extracting by manifest.
1037 silly tarball no local data for color-name@https://registry.npmjs.org/color-name/-/color-name-1.1.4.tgz. Extracting by manifest.
1038 silly tarball no local data for color-convert@https://registry.npmjs.org/color-convert/-/color-convert-2.0.1.tgz. Extracting by manifest.
1039 silly tarball no local data for code-block-writer@https://registry.npmjs.org/code-block-writer/-/code-block-writer-13.0.3.tgz. Extracting by manifest.
1040 silly tarball no local data for clsx@https://registry.npmjs.org/clsx/-/clsx-2.1.1.tgz. Extracting by manifest.
1041 silly tarball no local data for cliui@https://registry.npmjs.org/cliui/-/cliui-8.0.1.tgz. Extracting by manifest.
1042 silly tarball no local data for client-only@https://registry.npmjs.org/client-only/-/client-only-0.0.1.tgz. Extracting by manifest.
1043 silly tarball no local data for cli-width@https://registry.npmjs.org/cli-width/-/cli-width-4.1.0.tgz. Extracting by manifest.
1044 silly tarball no local data for cli-spinners@https://registry.npmjs.org/cli-spinners/-/cli-spinners-2.9.2.tgz. Extracting by manifest.
1045 silly tarball no local data for cli-cursor@https://registry.npmjs.org/cli-cursor/-/cli-cursor-5.0.0.tgz. Extracting by manifest.
1046 silly tarball no local data for class-variance-authority@https://registry.npmjs.org/class-variance-authority/-/class-variance-authority-0.7.1.tgz. Extracting by manifest.
1047 silly tarball no local data for chalk@https://registry.npmjs.org/chalk/-/chalk-4.1.2.tgz. Extracting by manifest.
1048 silly tarball no local data for callsites@https://registry.npmjs.org/callsites/-/callsites-3.1.0.tgz. Extracting by manifest.
1049 silly tarball no local data for call-bound@https://registry.npmjs.org/call-bound/-/call-bound-1.0.4.tgz. Extracting by manifest.
1050 silly tarball no local data for call-bind-apply-helpers@https://registry.npmjs.org/call-bind-apply-helpers/-/call-bind-apply-helpers-1.0.2.tgz. Extracting by manifest.
1051 silly tarball no local data for call-bind@https://registry.npmjs.org/call-bind/-/call-bind-1.0.8.tgz. Extracting by manifest.
1052 silly tarball no local data for bytes@https://registry.npmjs.org/bytes/-/bytes-3.1.2.tgz. Extracting by manifest.
1053 silly tarball no local data for bundle-name@https://registry.npmjs.org/bundle-name/-/bundle-name-4.1.0.tgz. Extracting by manifest.
1054 silly tarball no local data for browserslist@https://registry.npmjs.org/browserslist/-/browserslist-4.28.1.tgz. Extracting by manifest.
1055 silly tarball no local data for braces@https://registry.npmjs.org/braces/-/braces-3.0.3.tgz. Extracting by manifest.
1056 silly tarball no local data for brace-expansion@https://registry.npmjs.org/brace-expansion/-/brace-expansion-1.1.18.tgz. Extracting by manifest.
1057 silly tarball no local data for body-parser@https://registry.npmjs.org/body-parser/-/body-parser-2.3.0.tgz. Extracting by manifest.
1058 silly tarball no local data for balanced-match@https://registry.npmjs.org/balanced-match/-/balanced-match-1.0.2.tgz. Extracting by manifest.
1059 silly tarball no local data for baseline-browser-mapping@https://registry.npmjs.org/baseline-browser-mapping/-/baseline-browser-mapping-2.10.10.tgz. Extracting by manifest.
1060 silly tarball no local data for axobject-query@https://registry.npmjs.org/axobject-query/-/axobject-query-4.1.0.tgz. Extracting by manifest.
1061 silly tarball no local data for axe-core@https://registry.npmjs.org/axe-core/-/axe-core-4.11.1.tgz. Extracting by manifest.
1062 silly tarball no local data for available-typed-arrays@https://registry.npmjs.org/available-typed-arrays/-/available-typed-arrays-1.0.7.tgz. Extracting by manifest.
1063 silly tarball no local data for async-function@https://registry.npmjs.org/async-function/-/async-function-1.0.0.tgz. Extracting by manifest.
1064 silly tarball no local data for ast-types-flow@https://registry.npmjs.org/ast-types-flow/-/ast-types-flow-0.0.8.tgz. Extracting by manifest.
1065 silly tarball no local data for ast-types@https://registry.npmjs.org/ast-types/-/ast-types-0.16.1.tgz. Extracting by manifest.
1066 silly tarball no local data for arraybuffer.prototype.slice@https://registry.npmjs.org/arraybuffer.prototype.slice/-/arraybuffer.prototype.slice-1.0.4.tgz. Extracting by manifest.
1067 silly tarball no local data for array.prototype.tosorted@https://registry.npmjs.org/array.prototype.tosorted/-/array.prototype.tosorted-1.1.4.tgz. Extracting by manifest.
1068 silly tarball no local data for array.prototype.flatmap@https://registry.npmjs.org/array.prototype.flatmap/-/array.prototype.flatmap-1.3.3.tgz. Extracting by manifest.
1069 silly tarball no local data for array.prototype.flat@https://registry.npmjs.org/array.prototype.flat/-/array.prototype.flat-1.3.3.tgz. Extracting by manifest.
1070 silly tarball no local data for array.prototype.findlastindex@https://registry.npmjs.org/array.prototype.findlastindex/-/array.prototype.findlastindex-1.2.6.tgz. Extracting by manifest.
1071 silly tarball no local data for array-includes@https://registry.npmjs.org/array-includes/-/array-includes-3.1.9.tgz. Extracting by manifest.
1072 silly tarball no local data for array.prototype.findlast@https://registry.npmjs.org/array.prototype.findlast/-/array.prototype.findlast-1.2.5.tgz. Extracting by manifest.
1073 silly tarball no local data for array-buffer-byte-length@https://registry.npmjs.org/array-buffer-byte-length/-/array-buffer-byte-length-1.0.2.tgz. Extracting by manifest.
1074 silly tarball no local data for aria-query@https://registry.npmjs.org/aria-query/-/aria-query-5.3.2.tgz. Extracting by manifest.
1075 silly tarball no local data for argparse@https://registry.npmjs.org/argparse/-/argparse-2.0.1.tgz. Extracting by manifest.
1076 silly tarball no local data for ansi-styles@https://registry.npmjs.org/ansi-styles/-/ansi-styles-4.3.0.tgz. Extracting by manifest.
1077 silly tarball no local data for ansi-regex@https://registry.npmjs.org/ansi-regex/-/ansi-regex-6.2.2.tgz. Extracting by manifest.
1078 silly tarball no local data for ajv@https://registry.npmjs.org/ajv/-/ajv-6.14.0.tgz. Extracting by manifest.
1079 silly tarball no local data for agent-base@https://registry.npmjs.org/agent-base/-/agent-base-7.1.4.tgz. Extracting by manifest.
1080 silly tarball no local data for accepts@https://registry.npmjs.org/accepts/-/accepts-2.0.0.tgz. Extracting by manifest.
1081 silly tarball no local data for acorn-jsx@https://registry.npmjs.org/acorn-jsx/-/acorn-jsx-5.3.2.tgz. Extracting by manifest.
1082 silly tarball no local data for acorn@https://registry.npmjs.org/acorn/-/acorn-8.16.0.tgz. Extracting by manifest.
1083 silly tarball no local data for @unrs/resolver-binding-win32-x64-msvc@https://registry.npmjs.org/@unrs/resolver-binding-win32-x64-msvc/-/resolver-binding-win32-x64-msvc-1.11.1.tgz. Extracting by manifest.
1084 silly tarball no local data for @typescript-eslint/utils@https://registry.npmjs.org/@typescript-eslint/utils/-/utils-8.57.2.tgz. Extracting by manifest.
1085 silly tarball no local data for @typescript-eslint/visitor-keys@https://registry.npmjs.org/@typescript-eslint/visitor-keys/-/visitor-keys-8.57.2.tgz. Extracting by manifest.
1086 silly tarball no local data for @typescript-eslint/typescript-estree@https://registry.npmjs.org/@typescript-eslint/typescript-estree/-/typescript-estree-8.57.2.tgz. Extracting by manifest.
1087 silly tarball no local data for @typescript-eslint/types@https://registry.npmjs.org/@typescript-eslint/types/-/types-8.57.2.tgz. Extracting by manifest.
1088 silly tarball no local data for @typescript-eslint/type-utils@https://registry.npmjs.org/@typescript-eslint/type-utils/-/type-utils-8.57.2.tgz. Extracting by manifest.
1089 silly tarball no local data for @typescript-eslint/tsconfig-utils@https://registry.npmjs.org/@typescript-eslint/tsconfig-utils/-/tsconfig-utils-8.57.2.tgz. Extracting by manifest.
1090 silly tarball no local data for @typescript-eslint/project-service@https://registry.npmjs.org/@typescript-eslint/project-service/-/project-service-8.57.2.tgz. Extracting by manifest.
1091 silly tarball no local data for @typescript-eslint/parser@https://registry.npmjs.org/@typescript-eslint/parser/-/parser-8.57.2.tgz. Extracting by manifest.
1092 silly tarball no local data for @typescript-eslint/eslint-plugin@https://registry.npmjs.org/@typescript-eslint/eslint-plugin/-/eslint-plugin-8.57.2.tgz. Extracting by manifest.
1093 silly tarball no local data for @types/validate-npm-package-name@https://registry.npmjs.org/@types/validate-npm-package-name/-/validate-npm-package-name-4.0.2.tgz. Extracting by manifest.
1094 silly tarball no local data for @types/statuses@https://registry.npmjs.org/@types/statuses/-/statuses-2.0.6.tgz. Extracting by manifest.
1095 silly tarball no local data for @types/react-dom@https://registry.npmjs.org/@types/react-dom/-/react-dom-19.2.3.tgz. Extracting by manifest.
1096 silly tarball no local data for @types/react@https://registry.npmjs.org/@types/react/-/react-19.2.14.tgz. Extracting by manifest.
1097 silly tarball no local data for @types/node@https://registry.npmjs.org/@types/node/-/node-24.12.0.tgz. Extracting by manifest.
1098 silly tarball no local data for @types/json5@https://registry.npmjs.org/@types/json5/-/json5-0.0.29.tgz. Extracting by manifest.
1099 silly tarball no local data for @types/estree@https://registry.npmjs.org/@types/estree/-/estree-1.0.8.tgz. Extracting by manifest.
1100 silly tarball no local data for @types/json-schema@https://registry.npmjs.org/@types/json-schema/-/json-schema-7.0.15.tgz. Extracting by manifest.
1101 silly tarball no local data for @ts-morph/common@https://registry.npmjs.org/@ts-morph/common/-/common-0.27.0.tgz. Extracting by manifest.
1102 silly tarball no local data for @tailwindcss/postcss@https://registry.npmjs.org/@tailwindcss/postcss/-/postcss-4.2.2.tgz. Extracting by manifest.
1103 silly tarball no local data for @tailwindcss/oxide-win32-x64-msvc@https://registry.npmjs.org/@tailwindcss/oxide-win32-x64-msvc/-/oxide-win32-x64-msvc-4.2.2.tgz. Extracting by manifest.
1104 silly tarball no local data for @tailwindcss/oxide@https://registry.npmjs.org/@tailwindcss/oxide/-/oxide-4.2.2.tgz. Extracting by manifest.
1105 silly tarball no local data for @tailwindcss/node@https://registry.npmjs.org/@tailwindcss/node/-/node-4.2.2.tgz. Extracting by manifest.
1106 silly tarball no local data for @sec-ant/readable-stream@https://registry.npmjs.org/@sec-ant/readable-stream/-/readable-stream-0.4.1.tgz. Extracting by manifest.
1107 silly tarball no local data for @sindresorhus/merge-streams@https://registry.npmjs.org/@sindresorhus/merge-streams/-/merge-streams-4.0.0.tgz. Extracting by manifest.
1108 silly tarball no local data for @rtsao/scc@https://registry.npmjs.org/@rtsao/scc/-/scc-1.1.0.tgz. Extracting by manifest.
1109 silly tarball no local data for @open-draft/until@https://registry.npmjs.org/@open-draft/until/-/until-2.1.0.tgz. Extracting by manifest.
1110 silly tarball no local data for @open-draft/logger@https://registry.npmjs.org/@open-draft/logger/-/logger-0.3.0.tgz. Extracting by manifest.
1111 silly tarball no local data for @open-draft/deferred-promise@https://registry.npmjs.org/@open-draft/deferred-promise/-/deferred-promise-2.2.0.tgz. Extracting by manifest.
1112 silly tarball no local data for @nolyfill/is-core-module@https://registry.npmjs.org/@nolyfill/is-core-module/-/is-core-module-1.0.39.tgz. Extracting by manifest.
1113 silly tarball no local data for @nodelib/fs.walk@https://registry.npmjs.org/@nodelib/fs.walk/-/fs.walk-1.2.8.tgz. Extracting by manifest.
1114 silly tarball no local data for @nodelib/fs.stat@https://registry.npmjs.org/@nodelib/fs.stat/-/fs.stat-2.0.5.tgz. Extracting by manifest.
1115 silly tarball no local data for @nodelib/fs.scandir@https://registry.npmjs.org/@nodelib/fs.scandir/-/fs.scandir-2.1.5.tgz. Extracting by manifest.
1116 silly tarball no local data for @noble/hashes@https://registry.npmjs.org/@noble/hashes/-/hashes-1.8.0.tgz. Extracting by manifest.
1117 silly tarball no local data for @noble/curves@https://registry.npmjs.org/@noble/curves/-/curves-1.9.7.tgz. Extracting by manifest.
1118 silly tarball no local data for @noble/ciphers@https://registry.npmjs.org/@noble/ciphers/-/ciphers-1.3.0.tgz. Extracting by manifest.
1119 silly tarball no local data for @next/swc-win32-x64-msvc@https://registry.npmjs.org/@next/swc-win32-x64-msvc/-/swc-win32-x64-msvc-16.3.0.tgz. Extracting by manifest.
1120 silly tarball no local data for @next/eslint-plugin-next@https://registry.npmjs.org/@next/eslint-plugin-next/-/eslint-plugin-next-16.3.0.tgz. Extracting by manifest.
1121 silly tarball no local data for @next/env@https://registry.npmjs.org/@next/env/-/env-16.3.0.tgz. Extracting by manifest.
1122 silly tarball no local data for @jridgewell/resolve-uri@https://registry.npmjs.org/@jridgewell/resolve-uri/-/resolve-uri-3.1.2.tgz. Extracting by manifest.
1123 silly tarball no local data for @jridgewell/sourcemap-codec@https://registry.npmjs.org/@jridgewell/sourcemap-codec/-/sourcemap-codec-1.5.5.tgz. Extracting by manifest.
1124 silly tarball no local data for @jridgewell/trace-mapping@https://registry.npmjs.org/@jridgewell/trace-mapping/-/trace-mapping-0.3.31.tgz. Extracting by manifest.
1125 silly tarball no local data for @jridgewell/remapping@https://registry.npmjs.org/@jridgewell/remapping/-/remapping-2.3.5.tgz. Extracting by manifest.
1126 silly tarball no local data for @inquirer/type@https://registry.npmjs.org/@inquirer/type/-/type-3.0.10.tgz. Extracting by manifest.
1127 silly tarball no local data for @jridgewell/gen-mapping@https://registry.npmjs.org/@jridgewell/gen-mapping/-/gen-mapping-0.3.13.tgz. Extracting by manifest.
1128 silly tarball no local data for @inquirer/figures@https://registry.npmjs.org/@inquirer/figures/-/figures-1.0.15.tgz. Extracting by manifest.
1129 silly tarball no local data for @inquirer/core@https://registry.npmjs.org/@inquirer/core/-/core-10.3.2.tgz. Extracting by manifest.
1130 silly tarball no local data for @inquirer/confirm@https://registry.npmjs.org/@inquirer/confirm/-/confirm-5.1.21.tgz. Extracting by manifest.
1131 silly tarball no local data for @inquirer/ansi@https://registry.npmjs.org/@inquirer/ansi/-/ansi-1.0.2.tgz. Extracting by manifest.
1132 silly tarball no local data for @img/colour@https://registry.npmjs.org/@img/colour/-/colour-1.1.0.tgz. Extracting by manifest.
1133 silly tarball no local data for @img/sharp-win32-x64@https://registry.npmjs.org/@img/sharp-win32-x64/-/sharp-win32-x64-0.35.3.tgz. Extracting by manifest.
1134 silly tarball no local data for @humanwhocodes/retry@https://registry.npmjs.org/@humanwhocodes/retry/-/retry-0.4.3.tgz. Extracting by manifest.
1135 silly tarball no local data for @humanwhocodes/module-importer@https://registry.npmjs.org/@humanwhocodes/module-importer/-/module-importer-1.0.1.tgz. Extracting by manifest.
1136 silly tarball no local data for @humanfs/node@https://registry.npmjs.org/@humanfs/node/-/node-0.16.7.tgz. Extracting by manifest.
1137 silly tarball no local data for @humanfs/core@https://registry.npmjs.org/@humanfs/core/-/core-0.19.1.tgz. Extracting by manifest.
1138 silly tarball no local data for @hono/node-server@https://registry.npmjs.org/@hono/node-server/-/node-server-2.0.10.tgz. Extracting by manifest.
1139 silly tarball no local data for @floating-ui/utils@https://registry.npmjs.org/@floating-ui/utils/-/utils-0.2.11.tgz. Extracting by manifest.
1140 silly tarball no local data for @floating-ui/react-dom@https://registry.npmjs.org/@floating-ui/react-dom/-/react-dom-2.1.8.tgz. Extracting by manifest.
1141 silly tarball no local data for @floating-ui/dom@https://registry.npmjs.org/@floating-ui/dom/-/dom-1.7.6.tgz. Extracting by manifest.
1142 silly tarball no local data for @floating-ui/core@https://registry.npmjs.org/@floating-ui/core/-/core-1.7.5.tgz. Extracting by manifest.
1143 silly tarball no local data for @eslint/plugin-kit@https://registry.npmjs.org/@eslint/plugin-kit/-/plugin-kit-0.4.1.tgz. Extracting by manifest.
1144 silly tarball no local data for @eslint/js@https://registry.npmjs.org/@eslint/js/-/js-9.39.4.tgz. Extracting by manifest.
1145 silly tarball no local data for @eslint/eslintrc@https://registry.npmjs.org/@eslint/eslintrc/-/eslintrc-3.3.5.tgz. Extracting by manifest.
1146 silly tarball no local data for @eslint/object-schema@https://registry.npmjs.org/@eslint/object-schema/-/object-schema-2.1.7.tgz. Extracting by manifest.
1147 silly tarball no local data for @eslint/config-helpers@https://registry.npmjs.org/@eslint/config-helpers/-/config-helpers-0.4.2.tgz. Extracting by manifest.
1148 silly tarball no local data for @eslint/core@https://registry.npmjs.org/@eslint/core/-/core-0.17.0.tgz. Extracting by manifest.
1149 silly tarball no local data for @eslint/config-array@https://registry.npmjs.org/@eslint/config-array/-/config-array-0.21.2.tgz. Extracting by manifest.
1150 silly tarball no local data for @eslint-community/regexpp@https://registry.npmjs.org/@eslint-community/regexpp/-/regexpp-4.12.2.tgz. Extracting by manifest.
1151 silly tarball no local data for @eslint-community/eslint-utils@https://registry.npmjs.org/@eslint-community/eslint-utils/-/eslint-utils-4.9.1.tgz. Extracting by manifest.
1152 silly tarball no local data for @dotenvx/dotenvx@https://registry.npmjs.org/@dotenvx/dotenvx/-/dotenvx-1.57.2.tgz. Extracting by manifest.
1153 silly tarball no local data for @base-ui/utils@https://registry.npmjs.org/@base-ui/utils/-/utils-0.2.6.tgz. Extracting by manifest.
1154 silly tarball no local data for @babel/types@https://registry.npmjs.org/@babel/types/-/types-7.29.8.tgz. Extracting by manifest.
1155 silly tarball no local data for @babel/traverse@https://registry.npmjs.org/@babel/traverse/-/traverse-7.29.8.tgz. Extracting by manifest.
1156 silly tarball no local data for @babel/template@https://registry.npmjs.org/@babel/template/-/template-7.29.7.tgz. Extracting by manifest.
1157 silly tarball no local data for @babel/preset-typescript@https://registry.npmjs.org/@babel/preset-typescript/-/preset-typescript-7.28.5.tgz. Extracting by manifest.
1158 silly tarball no local data for @babel/runtime@https://registry.npmjs.org/@babel/runtime/-/runtime-7.29.2.tgz. Extracting by manifest.
1159 silly tarball no local data for @babel/plugin-transform-typescript@https://registry.npmjs.org/@babel/plugin-transform-typescript/-/plugin-transform-typescript-7.28.6.tgz. Extracting by manifest.
1160 silly tarball no local data for @babel/plugin-transform-modules-commonjs@https://registry.npmjs.org/@babel/plugin-transform-modules-commonjs/-/plugin-transform-modules-commonjs-7.28.6.tgz. Extracting by manifest.
1161 silly tarball no local data for @babel/plugin-syntax-typescript@https://registry.npmjs.org/@babel/plugin-syntax-typescript/-/plugin-syntax-typescript-7.28.6.tgz. Extracting by manifest.
1162 silly tarball no local data for @babel/plugin-syntax-jsx@https://registry.npmjs.org/@babel/plugin-syntax-jsx/-/plugin-syntax-jsx-7.28.6.tgz. Extracting by manifest.
1163 silly tarball no local data for @babel/parser@https://registry.npmjs.org/@babel/parser/-/parser-7.29.8.tgz. Extracting by manifest.
1164 silly tarball no local data for @babel/helpers@https://registry.npmjs.org/@babel/helpers/-/helpers-7.29.7.tgz. Extracting by manifest.
1165 silly tarball no local data for @babel/helper-validator-option@https://registry.npmjs.org/@babel/helper-validator-option/-/helper-validator-option-7.29.7.tgz. Extracting by manifest.
1166 silly tarball no local data for @babel/helper-validator-identifier@https://registry.npmjs.org/@babel/helper-validator-identifier/-/helper-validator-identifier-7.29.7.tgz. Extracting by manifest.
1167 silly tarball no local data for @babel/helper-string-parser@https://registry.npmjs.org/@babel/helper-string-parser/-/helper-string-parser-7.29.7.tgz. Extracting by manifest.
1168 silly tarball no local data for @babel/helper-skip-transparent-expression-wrappers@https://registry.npmjs.org/@babel/helper-skip-transparent-expression-wrappers/-/helper-skip-transparent-expression-wrappers-7.27.1.tgz. Extracting by manifest.
1169 silly tarball no local data for @babel/helper-replace-supers@https://registry.npmjs.org/@babel/helper-replace-supers/-/helper-replace-supers-7.28.6.tgz. Extracting by manifest.
1170 silly tarball no local data for @babel/helper-plugin-utils@https://registry.npmjs.org/@babel/helper-plugin-utils/-/helper-plugin-utils-7.28.6.tgz. Extracting by manifest.
1171 silly tarball no local data for @babel/helper-optimise-call-expression@https://registry.npmjs.org/@babel/helper-optimise-call-expression/-/helper-optimise-call-expression-7.27.1.tgz. Extracting by manifest.
1172 silly tarball no local data for @babel/helper-module-transforms@https://registry.npmjs.org/@babel/helper-module-transforms/-/helper-module-transforms-7.29.7.tgz. Extracting by manifest.
1173 silly tarball no local data for @babel/helper-module-imports@https://registry.npmjs.org/@babel/helper-module-imports/-/helper-module-imports-7.29.7.tgz. Extracting by manifest.
1174 silly tarball no local data for @babel/helper-member-expression-to-functions@https://registry.npmjs.org/@babel/helper-member-expression-to-functions/-/helper-member-expression-to-functions-7.28.5.tgz. Extracting by manifest.
1175 silly tarball no local data for @babel/helper-globals@https://registry.npmjs.org/@babel/helper-globals/-/helper-globals-7.29.7.tgz. Extracting by manifest.
1176 silly tarball no local data for @babel/helper-create-class-features-plugin@https://registry.npmjs.org/@babel/helper-create-class-features-plugin/-/helper-create-class-features-plugin-7.28.6.tgz. Extracting by manifest.
1177 silly tarball no local data for @babel/helper-compilation-targets@https://registry.npmjs.org/@babel/helper-compilation-targets/-/helper-compilation-targets-7.29.7.tgz. Extracting by manifest.
1178 silly tarball no local data for @babel/helper-annotate-as-pure@https://registry.npmjs.org/@babel/helper-annotate-as-pure/-/helper-annotate-as-pure-7.27.3.tgz. Extracting by manifest.
1179 silly tarball no local data for @babel/generator@https://registry.npmjs.org/@babel/generator/-/generator-7.29.8.tgz. Extracting by manifest.
1180 silly tarball no local data for @babel/core@https://registry.npmjs.org/@babel/core/-/core-7.29.7.tgz. Extracting by manifest.
1181 silly tarball no local data for @babel/compat-data@https://registry.npmjs.org/@babel/compat-data/-/compat-data-7.29.7.tgz. Extracting by manifest.
1182 silly tarball no local data for @babel/code-frame@https://registry.npmjs.org/@babel/code-frame/-/code-frame-7.29.7.tgz. Extracting by manifest.
1183 silly tarball no local data for @alloc/quick-lru@https://registry.npmjs.org/@alloc/quick-lru/-/quick-lru-5.2.0.tgz. Extracting by manifest.
1184 silly tarball no local data for @typescript-eslint/scope-manager@https://registry.npmjs.org/@typescript-eslint/scope-manager/-/scope-manager-8.57.2.tgz. Extracting by manifest.
1185 silly tarball no local data for @swc/helpers@https://registry.npmjs.org/@swc/helpers/-/helpers-0.5.15.tgz. Extracting by manifest.
1186 silly tarball no local data for @mswjs/interceptors@https://registry.npmjs.org/@mswjs/interceptors/-/interceptors-0.41.3.tgz. Extracting by manifest.
1187 silly tarball no local data for next@https://registry.npmjs.org/next/-/next-16.3.0.tgz. Extracting by manifest.
1188 silly tarball no local data for @modelcontextprotocol/sdk@https://registry.npmjs.org/@modelcontextprotocol/sdk/-/sdk-1.30.0.tgz. Extracting by manifest.
1189 silly tarball no local data for @base-ui/react@https://registry.npmjs.org/@base-ui/react/-/react-1.3.0.tgz. Extracting by manifest.
1190 silly tarball no local data for hono@https://registry.npmjs.org/hono/-/hono-4.13.1.tgz. Extracting by manifest.
1191 silly tarball no local data for graphql@https://registry.npmjs.org/graphql/-/graphql-16.13.2.tgz. Extracting by manifest.
1192 silly tarball no local data for eslint-plugin-react@https://registry.npmjs.org/eslint-plugin-react/-/eslint-plugin-react-7.37.5.tgz. Extracting by manifest.
1193 silly tarball no local data for eslint@https://registry.npmjs.org/eslint/-/eslint-9.39.4.tgz. Extracting by manifest.
1194 silly tarball no local data for es-abstract@https://registry.npmjs.org/es-abstract/-/es-abstract-1.24.1.tgz. Extracting by manifest.
1195 silly tarball no local data for caniuse-lite@https://registry.npmjs.org/caniuse-lite/-/caniuse-lite-1.0.30001781.tgz. Extracting by manifest.
1196 silly tarball no local data for ajv-formats@https://registry.npmjs.org/ajv-formats/-/ajv-formats-3.0.1.tgz. Extracting by manifest.
1197 silly tarball no local data for strip-ansi@https://registry.npmjs.org/strip-ansi/-/strip-ansi-6.0.1.tgz. Extracting by manifest.
1198 silly tarball no local data for string-width@https://registry.npmjs.org/string-width/-/string-width-4.2.3.tgz. Extracting by manifest.
1199 silly tarball no local data for emoji-regex@https://registry.npmjs.org/emoji-regex/-/emoji-regex-8.0.0.tgz. Extracting by manifest.
1200 silly tarball no local data for ansi-regex@https://registry.npmjs.org/ansi-regex/-/ansi-regex-5.0.1.tgz. Extracting by manifest.
1201 silly tarball no local data for strip-ansi@https://registry.npmjs.org/strip-ansi/-/strip-ansi-6.0.1.tgz. Extracting by manifest.
1202 silly tarball no local data for string-width@https://registry.npmjs.org/string-width/-/string-width-4.2.3.tgz. Extracting by manifest.
1203 silly tarball no local data for emoji-regex@https://registry.npmjs.org/emoji-regex/-/emoji-regex-8.0.0.tgz. Extracting by manifest.
1204 silly tarball no local data for ansi-regex@https://registry.npmjs.org/ansi-regex/-/ansi-regex-5.0.1.tgz. Extracting by manifest.
1205 silly tarball no local data for content-type@https://registry.npmjs.org/content-type/-/content-type-2.0.0.tgz. Extracting by manifest.
1206 silly tarball no local data for json5@https://registry.npmjs.org/json5/-/json5-1.0.2.tgz. Extracting by manifest.
1207 silly tarball no local data for picomatch@https://registry.npmjs.org/picomatch/-/picomatch-4.0.4.tgz. Extracting by manifest.
1208 silly tarball no local data for fdir@https://registry.npmjs.org/fdir/-/fdir-6.5.0.tgz. Extracting by manifest.
1209 silly tarball no local data for emoji-regex@https://registry.npmjs.org/emoji-regex/-/emoji-regex-10.6.0.tgz. Extracting by manifest.
1210 silly tarball no local data for semver@https://registry.npmjs.org/semver/-/semver-7.8.5.tgz. Extracting by manifest.
1211 silly tarball no local data for zod@https://registry.npmjs.org/zod/-/zod-3.25.76.tgz. Extracting by manifest.
1212 silly tarball no local data for glob-parent@https://registry.npmjs.org/glob-parent/-/glob-parent-5.1.2.tgz. Extracting by manifest.
1213 silly tarball no local data for tsconfig-paths@https://registry.npmjs.org/tsconfig-paths/-/tsconfig-paths-4.2.0.tgz. Extracting by manifest.
1214 silly tarball no local data for fast-glob@https://registry.npmjs.org/fast-glob/-/fast-glob-3.3.3.tgz. Extracting by manifest.
1215 silly tarball no local data for path-to-regexp@https://registry.npmjs.org/path-to-regexp/-/path-to-regexp-8.4.2.tgz. Extracting by manifest.
1216 silly tarball no local data for kleur@https://registry.npmjs.org/kleur/-/kleur-3.0.3.tgz. Extracting by manifest.
1217 silly tarball no local data for chalk@https://registry.npmjs.org/chalk/-/chalk-5.6.2.tgz. Extracting by manifest.
1218 silly tarball no local data for path-key@https://registry.npmjs.org/path-key/-/path-key-4.0.0.tgz. Extracting by manifest.
1219 silly tarball no local data for cookie@https://registry.npmjs.org/cookie/-/cookie-1.1.1.tgz. Extracting by manifest.
1220 silly tarball no local data for is-unicode-supported@https://registry.npmjs.org/is-unicode-supported/-/is-unicode-supported-1.3.0.tgz. Extracting by manifest.
1221 silly tarball no local data for chalk@https://registry.npmjs.org/chalk/-/chalk-5.6.2.tgz. Extracting by manifest.
1222 silly tarball no local data for semver@https://registry.npmjs.org/semver/-/semver-7.7.4.tgz. Extracting by manifest.
1223 silly tarball no local data for glob-parent@https://registry.npmjs.org/glob-parent/-/glob-parent-5.1.2.tgz. Extracting by manifest.
1224 silly tarball no local data for debug@https://registry.npmjs.org/debug/-/debug-3.2.7.tgz. Extracting by manifest.
1225 silly tarball no local data for debug@https://registry.npmjs.org/debug/-/debug-3.2.7.tgz. Extracting by manifest.
1226 silly tarball no local data for debug@https://registry.npmjs.org/debug/-/debug-3.2.7.tgz. Extracting by manifest.
1227 silly tarball no local data for globals@https://registry.npmjs.org/globals/-/globals-16.4.0.tgz. Extracting by manifest.
1228 silly tarball no local data for wrap-ansi@https://registry.npmjs.org/wrap-ansi/-/wrap-ansi-7.0.0.tgz. Extracting by manifest.
1229 silly tarball no local data for strip-ansi@https://registry.npmjs.org/strip-ansi/-/strip-ansi-6.0.1.tgz. Extracting by manifest.
1230 silly tarball no local data for emoji-regex@https://registry.npmjs.org/emoji-regex/-/emoji-regex-8.0.0.tgz. Extracting by manifest.
1231 silly tarball no local data for string-width@https://registry.npmjs.org/string-width/-/string-width-4.2.3.tgz. Extracting by manifest.
1232 silly tarball no local data for ansi-regex@https://registry.npmjs.org/ansi-regex/-/ansi-regex-5.0.1.tgz. Extracting by manifest.
1233 silly tarball no local data for content-type@https://registry.npmjs.org/content-type/-/content-type-2.0.0.tgz. Extracting by manifest.
1234 silly tarball no local data for eslint-visitor-keys@https://registry.npmjs.org/eslint-visitor-keys/-/eslint-visitor-keys-5.0.1.tgz. Extracting by manifest.
1235 silly tarball no local data for semver@https://registry.npmjs.org/semver/-/semver-7.7.4.tgz. Extracting by manifest.
1236 silly tarball no local data for minimatch@https://registry.npmjs.org/minimatch/-/minimatch-10.2.4.tgz. Extracting by manifest.
1237 silly tarball no local data for brace-expansion@https://registry.npmjs.org/brace-expansion/-/brace-expansion-5.0.9.tgz. Extracting by manifest.
1238 silly tarball no local data for balanced-match@https://registry.npmjs.org/balanced-match/-/balanced-match-4.0.4.tgz. Extracting by manifest.
1239 silly tarball no local data for ignore@https://registry.npmjs.org/ignore/-/ignore-7.0.5.tgz. Extracting by manifest.
1240 silly tarball no local data for minimatch@https://registry.npmjs.org/minimatch/-/minimatch-10.2.4.tgz. Extracting by manifest.
1241 silly tarball no local data for glob-parent@https://registry.npmjs.org/glob-parent/-/glob-parent-5.1.2.tgz. Extracting by manifest.
1242 silly tarball no local data for fast-glob@https://registry.npmjs.org/fast-glob/-/fast-glob-3.3.3.tgz. Extracting by manifest.
1243 silly tarball no local data for brace-expansion@https://registry.npmjs.org/brace-expansion/-/brace-expansion-5.0.9.tgz. Extracting by manifest.
1244 silly tarball no local data for balanced-match@https://registry.npmjs.org/balanced-match/-/balanced-match-4.0.4.tgz. Extracting by manifest.
1245 silly tarball no local data for eslint-visitor-keys@https://registry.npmjs.org/eslint-visitor-keys/-/eslint-visitor-keys-3.4.3.tgz. Extracting by manifest.
1246 silly tarball no local data for which@https://registry.npmjs.org/which/-/which-4.0.0.tgz. Extracting by manifest.
1247 silly tarball no local data for strip-final-newline@https://registry.npmjs.org/strip-final-newline/-/strip-final-newline-2.0.0.tgz. Extracting by manifest.
1248 silly tarball no local data for signal-exit@https://registry.npmjs.org/signal-exit/-/signal-exit-3.0.7.tgz. Extracting by manifest.
1249 silly tarball no local data for picomatch@https://registry.npmjs.org/picomatch/-/picomatch-4.0.4.tgz. Extracting by manifest.
1250 silly tarball no local data for onetime@https://registry.npmjs.org/onetime/-/onetime-5.1.2.tgz. Extracting by manifest.
1251 silly tarball no local data for npm-run-path@https://registry.npmjs.org/npm-run-path/-/npm-run-path-4.0.1.tgz. Extracting by manifest.
1252 silly tarball no local data for isexe@https://registry.npmjs.org/isexe/-/isexe-3.1.5.tgz. Extracting by manifest.
1253 silly tarball no local data for is-stream@https://registry.npmjs.org/is-stream/-/is-stream-2.0.1.tgz. Extracting by manifest.
1254 silly tarball no local data for human-signals@https://registry.npmjs.org/human-signals/-/human-signals-2.1.0.tgz. Extracting by manifest.
1255 silly tarball no local data for get-stream@https://registry.npmjs.org/get-stream/-/get-stream-6.0.1.tgz. Extracting by manifest.
1256 silly tarball no local data for fdir@https://registry.npmjs.org/fdir/-/fdir-6.5.0.tgz. Extracting by manifest.
1257 silly tarball no local data for execa@https://registry.npmjs.org/execa/-/execa-5.1.1.tgz. Extracting by manifest.
1258 silly tarball no local data for commander@https://registry.npmjs.org/commander/-/commander-11.1.0.tgz. Extracting by manifest.
1259 silly tarball no local data for json-schema-traverse@https://registry.npmjs.org/json-schema-traverse/-/json-schema-traverse-1.0.0.tgz. Extracting by manifest.
1260 silly tarball no local data for ajv@https://registry.npmjs.org/ajv/-/ajv-8.18.0.tgz. Extracting by manifest.
1261 silly tarball no local data for resolve@https://registry.npmjs.org/resolve/-/resolve-2.0.0-next.6.tgz. Extracting by manifest.
1262 silly tarball no local data for json-schema-traverse@https://registry.npmjs.org/json-schema-traverse/-/json-schema-traverse-1.0.0.tgz. Extracting by manifest.
1263 silly tarball no local data for mute-stream@https://registry.npmjs.org/mute-stream/-/mute-stream-2.0.0.tgz. Extracting by manifest.
1264 silly tarball no local data for ajv@https://registry.npmjs.org/ajv/-/ajv-8.18.0.tgz. Extracting by manifest.
1265 silly tarball no local data for @ecies/ciphers@https://registry.npmjs.org/@ecies/ciphers/-/ciphers-0.2.5.tgz. Extracting by manifest.
1266 http fetch GET 200 https://registry.npmjs.org/yoctocolors/-/yoctocolors-2.1.2.tgz 3393ms (cache miss)
1267 http fetch GET 200 https://registry.npmjs.org/npm 7873ms
1268 http fetch GET 200 https://registry.npmjs.org/wsl-utils/-/wsl-utils-0.3.1.tgz 4920ms (cache miss)
1269 http fetch GET 200 https://registry.npmjs.org/yallist/-/yallist-3.1.1.tgz 4927ms (cache miss)
1270 http fetch GET 200 https://registry.npmjs.org/wrappy/-/wrappy-1.0.2.tgz 4925ms (cache miss)
1271 http fetch GET 200 https://registry.npmjs.org/yoctocolors-cjs/-/yoctocolors-cjs-2.1.3.tgz 4946ms (cache miss)
1272 http fetch GET 200 https://registry.npmjs.org/wrap-ansi/-/wrap-ansi-6.2.0.tgz 5560ms (cache miss)
1273 http fetch GET 200 https://registry.npmjs.org/y18n/-/y18n-5.0.8.tgz 7153ms (cache miss)
1274 http fetch GET 200 https://registry.npmjs.org/yocto-queue/-/yocto-queue-0.1.0.tgz 7193ms (cache miss)
1275 http fetch GET 200 https://registry.npmjs.org/zod-validation-error/-/zod-validation-error-4.0.2.tgz 7952ms (cache miss)
1276 http fetch GET 200 https://registry.npmjs.org/yargs-parser/-/yargs-parser-21.1.1.tgz 8264ms (cache miss)
1277 http fetch GET 200 https://registry.npmjs.org/which/-/which-2.0.2.tgz 8727ms (cache miss)
1278 http fetch GET 200 https://registry.npmjs.org/word-wrap/-/word-wrap-1.2.5.tgz 10787ms (cache miss)
1279 http fetch GET 200 https://registry.npmjs.org/validate-npm-package-name/-/validate-npm-package-name-7.0.2.tgz 10791ms (cache miss)
1280 http fetch GET 200 https://registry.npmjs.org/unicorn-magic/-/unicorn-magic-0.3.0.tgz 10888ms (cache miss)
1281 http fetch GET 200 https://registry.npmjs.org/which-boxed-primitive/-/which-boxed-primitive-1.1.1.tgz 10913ms (cache miss)
1282 http fetch GET 200 https://registry.npmjs.org/until-async/-/until-async-3.0.2.tgz 10917ms (cache miss)
1283 http fetch GET 200 https://registry.npmjs.org/universalify/-/universalify-2.0.1.tgz 11033ms (cache miss)
1284 http fetch GET 200 https://registry.npmjs.org/unpipe/-/unpipe-1.0.0.tgz 14124ms (cache miss)
1285 http fetch GET 200 https://registry.npmjs.org/use-sync-external-store/-/use-sync-external-store-1.6.0.tgz 15104ms (cache miss)
1286 http fetch GET 200 https://registry.npmjs.org/update-browserslist-db/-/update-browserslist-db-1.2.3.tgz 15119ms (cache miss)
1287 http fetch GET 200 https://registry.npmjs.org/which-typed-array/-/which-typed-array-1.1.20.tgz 15737ms (cache miss)
1288 http fetch GET 200 https://registry.npmjs.org/vary/-/vary-1.1.2.tgz 16606ms (cache miss)
1289 http fetch GET 200 https://registry.npmjs.org/typed-array-buffer/-/typed-array-buffer-1.0.3.tgz 17623ms (cache miss)
1290 http fetch GET 200 https://registry.npmjs.org/type-is/-/type-is-2.1.0.tgz 17641ms (cache miss)
1291 http fetch GET 200 https://registry.npmjs.org/which-collection/-/which-collection-1.0.2.tgz 18008ms (cache miss)
1292 http fetch GET 200 https://registry.npmjs.org/which-builtin-type/-/which-builtin-type-1.2.1.tgz 18422ms (cache miss)
1293 http fetch GET 200 https://registry.npmjs.org/to-regex-range/-/to-regex-range-5.0.1.tgz 19314ms (cache miss)
1294 http fetch GET 200 https://registry.npmjs.org/tw-animate-css/-/tw-animate-css-1.4.0.tgz 20386ms (cache miss)
1295 http fetch GET 200 https://registry.npmjs.org/toidentifier/-/toidentifier-1.0.1.tgz 20381ms (cache miss)
1296 http fetch GET 200 https://registry.npmjs.org/typed-array-byte-length/-/typed-array-byte-length-1.0.3.tgz 20406ms (cache miss)
1297 http fetch GET 200 https://registry.npmjs.org/typed-array-length/-/typed-array-length-1.0.7.tgz 20439ms (cache miss)
1298 http fetch GET 200 https://registry.npmjs.org/typed-array-byte-offset/-/typed-array-byte-offset-1.0.4.tgz 20444ms (cache miss)
1299 http fetch GET 200 https://registry.npmjs.org/unbox-primitive/-/unbox-primitive-1.1.0.tgz 20458ms (cache miss)
1300 http fetch GET 200 https://registry.npmjs.org/unrs-resolver/-/unrs-resolver-1.11.1.tgz 20477ms (cache miss)
1301 http fetch GET 200 https://registry.npmjs.org/util-deprecate/-/util-deprecate-1.0.2.tgz 20493ms (cache miss)
1302 http fetch GET 200 https://registry.npmjs.org/type-check/-/type-check-0.4.0.tgz 20491ms (cache miss)
1303 http fetch GET 200 https://registry.npmjs.org/strip-final-newline/-/strip-final-newline-4.0.0.tgz 20563ms (cache miss)
1304 http fetch GET 200 https://registry.npmjs.org/strip-bom/-/strip-bom-3.0.0.tgz 20562ms (cache miss)
1305 http fetch GET 200 https://registry.npmjs.org/strip-json-comments/-/strip-json-comments-3.1.1.tgz 20568ms (cache miss)
1306 http fetch GET 200 https://registry.npmjs.org/stringify-object/-/stringify-object-5.0.0.tgz 20589ms (cache miss)
1307 http fetch GET 200 https://registry.npmjs.org/supports-color/-/supports-color-7.2.0.tgz 20609ms (cache miss)
1308 http fetch GET 200 https://registry.npmjs.org/ts-api-utils/-/ts-api-utils-2.5.0.tgz 20691ms (cache miss)
1309 http fetch GET 200 https://registry.npmjs.org/tagged-tag/-/tagged-tag-1.0.0.tgz 20715ms (cache miss)
1310 http fetch GET 200 https://registry.npmjs.org/tinyglobby/-/tinyglobby-0.2.15.tgz 20801ms (cache miss)
1311 http fetch GET 200 https://registry.npmjs.org/yargs/-/yargs-17.7.2.tgz 20944ms (cache miss)
1312 http fetch GET 200 https://registry.npmjs.org/typescript-eslint/-/typescript-eslint-8.57.2.tgz 21893ms (cache miss)
1313 http fetch GET 200 https://registry.npmjs.org/strip-ansi/-/strip-ansi-7.2.0.tgz 22795ms (cache miss)
1314 http fetch GET 200 https://registry.npmjs.org/strict-event-emitter/-/strict-event-emitter-0.5.1.tgz 22811ms (cache miss)
1315 http fetch GET 200 https://registry.npmjs.org/string.prototype.trimstart/-/string.prototype.trimstart-1.0.8.tgz 22836ms (cache miss)
1316 http fetch GET 200 https://registry.npmjs.org/string-width/-/string-width-7.2.0.tgz 22821ms (cache miss)
1317 http fetch GET 200 https://registry.npmjs.org/stable-hash/-/stable-hash-0.0.5.tgz 22897ms (cache miss)
1318 http fetch GET 200 https://registry.npmjs.org/stdin-discarder/-/stdin-discarder-0.2.2.tgz 22944ms (cache miss)
1319 http fetch GET 200 https://registry.npmjs.org/sisteransi/-/sisteransi-1.0.5.tgz 26089ms (cache miss)
1320 http fetch GET 200 https://registry.npmjs.org/tiny-invariant/-/tiny-invariant-1.3.3.tgz 26830ms (cache miss)
1321 http fetch GET 200 https://registry.npmjs.org/stop-iteration-iterator/-/stop-iteration-iterator-1.1.0.tgz 29740ms (cache miss)
1322 http fetch GET 200 https://registry.npmjs.org/string.prototype.includes/-/string.prototype.includes-2.0.1.tgz 30316ms (cache miss)
1323 http fetch GET 200 https://registry.npmjs.org/string.prototype.repeat/-/string.prototype.repeat-1.0.0.tgz 31001ms (cache miss)
1324 http fetch GET 200 https://registry.npmjs.org/undici-types/-/undici-types-7.16.0.tgz 31201ms (cache miss)
1325 http fetch GET 200 https://registry.npmjs.org/string.prototype.trim/-/string.prototype.trim-1.2.10.tgz 31167ms (cache miss)
1326 http fetch GET 200 https://registry.npmjs.org/shebang-regex/-/shebang-regex-3.0.0.tgz 32770ms (cache miss)
1327 http fetch GET 200 https://registry.npmjs.org/string.prototype.matchall/-/string.prototype.matchall-4.0.12.tgz 32805ms (cache miss)
1328 http fetch GET 200 https://registry.npmjs.org/setprototypeof/-/setprototypeof-1.2.0.tgz 32791ms (cache miss)
1329 http fetch GET 200 https://registry.npmjs.org/serve-static/-/serve-static-2.2.1.tgz 32804ms (cache miss)
1330 http fetch GET 200 https://registry.npmjs.org/set-function-name/-/set-function-name-2.0.2.tgz 32847ms (cache miss)
1331 http fetch GET 200 https://registry.npmjs.org/shebang-command/-/shebang-command-2.0.0.tgz 32855ms (cache miss)
1332 http fetch GET 200 https://registry.npmjs.org/supports-preserve-symlinks-flag/-/supports-preserve-symlinks-flag-1.0.0.tgz 34405ms (cache miss)
1333 http fetch GET 200 https://registry.npmjs.org/ts-morph/-/ts-morph-26.0.0.tgz 34578ms (cache miss)
1334 http fetch GET 200 https://registry.npmjs.org/scheduler/-/scheduler-0.27.0.tgz 34492ms (cache miss)
1335 http fetch GET 200 https://registry.npmjs.org/resolve-pkg-maps/-/resolve-pkg-maps-1.0.0.tgz 35134ms (cache miss)
1336 http fetch GET 200 https://registry.npmjs.org/resolve-from/-/resolve-from-4.0.0.tgz 35160ms (cache miss)
1337 http fetch GET 200 https://registry.npmjs.org/run-applescript/-/run-applescript-7.1.0.tgz 35256ms (cache miss)
1338 http fetch GET 200 https://registry.npmjs.org/restore-cursor/-/restore-cursor-5.1.0.tgz 35264ms (cache miss)
1339 http fetch GET 200 https://registry.npmjs.org/raw-body/-/raw-body-3.0.2.tgz 35400ms (cache miss)
1340 http fetch GET 200 https://registry.npmjs.org/require-directory/-/require-directory-2.1.1.tgz 35431ms (cache miss)
1341 http fetch GET 200 https://registry.npmjs.org/p-limit/-/p-limit-3.1.0.tgz 35414ms (cache miss)
1342 http fetch GET 200 https://registry.npmjs.org/parse-ms/-/parse-ms-4.0.0.tgz 35417ms (cache miss)
1343 http fetch GET 200 https://registry.npmjs.org/proxy-addr/-/proxy-addr-2.0.7.tgz 35493ms (cache miss)
1344 http fetch GET 200 https://registry.npmjs.org/pkce-challenge/-/pkce-challenge-5.0.1.tgz 35509ms (cache miss)
1345 http fetch GET 200 https://registry.npmjs.org/statuses/-/statuses-2.0.2.tgz 35605ms (cache miss)
1346 http fetch GET 200 https://registry.npmjs.org/range-parser/-/range-parser-1.2.1.tgz 35578ms (cache miss)
1347 http fetch GET 200 https://registry.npmjs.org/run-parallel/-/run-parallel-1.2.0.tgz 35604ms (cache miss)
1348 http fetch GET 200 https://registry.npmjs.org/powershell-utils/-/powershell-utils-0.1.0.tgz 35632ms (cache miss)
1349 http fetch GET 200 https://registry.npmjs.org/pretty-ms/-/pretty-ms-9.3.0.tgz 36502ms (cache miss)
1350 http fetch GET 200 https://registry.npmjs.org/path-key/-/path-key-3.1.1.tgz 36702ms (cache miss)
1351 http fetch GET 200 https://registry.npmjs.org/p-locate/-/p-locate-5.0.0.tgz 36697ms (cache miss)
1352 http fetch GET 200 https://registry.npmjs.org/path-exists/-/path-exists-4.0.0.tgz 36704ms (cache miss)
1353 http fetch GET 200 https://registry.npmjs.org/parse-json/-/parse-json-5.2.0.tgz 36702ms (cache miss)
1354 http fetch GET 200 https://registry.npmjs.org/own-keys/-/own-keys-1.0.1.tgz 36700ms (cache miss)
1355 http fetch GET 200 https://registry.npmjs.org/queue-microtask/-/queue-microtask-1.2.3.tgz 36737ms (cache miss)
1356 http fetch GET 200 https://registry.npmjs.org/outvariant/-/outvariant-1.4.3.tgz 36797ms (cache miss)
1357 http fetch GET 200 https://registry.npmjs.org/picocolors/-/picocolors-1.1.1.tgz 36810ms (cache miss)
1358 http fetch GET 200 https://registry.npmjs.org/object-treeify/-/object-treeify-1.1.33.tgz 36839ms (cache miss)
1359 http fetch GET 200 https://registry.npmjs.org/require-from-string/-/require-from-string-2.0.2.tgz 36884ms (cache miss)
1360 http fetch GET 200 https://registry.npmjs.org/npm-run-path/-/npm-run-path-6.0.0.tgz 36858ms (cache miss)
1361 http fetch GET 200 https://registry.npmjs.org/node-releases/-/node-releases-2.0.36.tgz 36919ms (cache miss)
1362 http fetch GET 200 https://registry.npmjs.org/ms/-/ms-2.1.3.tgz 36971ms (cache miss)
1363 http fetch GET 200 https://registry.npmjs.org/loose-envify/-/loose-envify-1.4.0.tgz 36970ms (cache miss)
1364 http fetch GET 200 https://registry.npmjs.org/parent-module/-/parent-module-1.0.1.tgz 37019ms (cache miss)
1365 http fetch GET 200 https://registry.npmjs.org/path-parse/-/path-parse-1.0.7.tgz 37103ms (cache miss)
1366 http fetch GET 200 https://registry.npmjs.org/on-finished/-/on-finished-2.4.1.tgz 37678ms (cache miss)
1367 http fetch GET 200 https://registry.npmjs.org/onetime/-/onetime-7.0.0.tgz 37683ms (cache miss)
1368 http fetch GET 200 https://registry.npmjs.org/once/-/once-1.4.0.tgz 37685ms (cache miss)
1369 http fetch GET 200 https://registry.npmjs.org/object.fromentries/-/object.fromentries-2.0.8.tgz 37704ms (cache miss)
1370 http fetch GET 200 https://registry.npmjs.org/merge2/-/merge2-1.4.1.tgz 37686ms (cache miss)
1371 http fetch GET 200 https://registry.npmjs.org/node-domexception/-/node-domexception-1.0.0.tgz 37725ms (cache miss)
1372 http fetch GET 200 https://registry.npmjs.org/mimic-function/-/mimic-function-5.0.1.tgz 37719ms (cache miss)
1373 http fetch GET 200 https://registry.npmjs.org/object-assign/-/object-assign-4.1.1.tgz 37733ms (cache miss)
1374 http fetch GET 200 https://registry.npmjs.org/ora/-/ora-8.2.0.tgz 37749ms (cache miss)
1375 http fetch GET 200 https://registry.npmjs.org/parseurl/-/parseurl-1.3.3.tgz 37770ms (cache miss)
1376 http fetch GET 200 https://registry.npmjs.org/mime-types/-/mime-types-3.0.2.tgz 37741ms (cache miss)
1377 http fetch GET 200 https://registry.npmjs.org/minimatch/-/minimatch-3.1.5.tgz 37755ms (cache miss)
1378 http fetch GET 200 https://registry.npmjs.org/punycode/-/punycode-2.3.1.tgz 37948ms (cache miss)
1379 http fetch GET 200 https://registry.npmjs.org/mimic-fn/-/mimic-fn-2.1.0.tgz 38051ms (cache miss)
1380 http fetch GET 200 https://registry.npmjs.org/lines-and-columns/-/lines-and-columns-1.2.4.tgz 38052ms (cache miss)
1381 http fetch GET 200 https://registry.npmjs.org/merge-descriptors/-/merge-descriptors-2.0.0.tgz 38066ms (cache miss)
1382 http fetch GET 200 https://registry.npmjs.org/merge-stream/-/merge-stream-2.0.0.tgz 38073ms (cache miss)
1383 http fetch GET 200 https://registry.npmjs.org/log-symbols/-/log-symbols-6.0.0.tgz 38063ms (cache miss)
1384 http fetch GET 200 https://registry.npmjs.org/micromatch/-/micromatch-4.0.8.tgz 38082ms (cache miss)
1385 http fetch GET 200 https://registry.npmjs.org/safer-buffer/-/safer-buffer-2.1.2.tgz 38179ms (cache miss)
1386 http fetch GET 200 https://registry.npmjs.org/tough-cookie/-/tough-cookie-6.0.1.tgz 38293ms (cache miss)
1387 http fetch GET 200 https://registry.npmjs.org/locate-path/-/locate-path-6.0.0.tgz 38122ms (cache miss)
1388 http fetch GET 200 https://registry.npmjs.org/send/-/send-1.2.1.tgz 38213ms (cache miss)
1389 http fetch GET 200 https://registry.npmjs.org/media-typer/-/media-typer-1.1.0.tgz 38162ms (cache miss)
1390 http fetch GET 200 https://registry.npmjs.org/natural-compare/-/natural-compare-1.4.0.tgz 38176ms (cache miss)
1391 http fetch GET 200 https://registry.npmjs.org/lru-cache/-/lru-cache-5.1.1.tgz 38177ms (cache miss)
1392 http fetch GET 200 https://registry.npmjs.org/side-channel-weakmap/-/side-channel-weakmap-1.0.2.tgz 38317ms (cache miss)
1393 http fetch GET 200 https://registry.npmjs.org/levn/-/levn-0.4.1.tgz 38257ms (cache miss)
1394 http fetch GET 200 https://registry.npmjs.org/kleur/-/kleur-4.1.5.tgz 38257ms (cache miss)
1395 http fetch GET 200 https://registry.npmjs.org/json-schema-traverse/-/json-schema-traverse-0.4.1.tgz 38282ms (cache miss)
1396 http fetch GET 200 https://registry.npmjs.org/json-parse-even-better-errors/-/json-parse-even-better-errors-2.3.1.tgz 38742ms (cache miss)
1397 http fetch GET 200 https://registry.npmjs.org/keyv/-/keyv-4.5.4.tgz 38787ms (cache miss)
1398 http fetch GET 200 https://registry.npmjs.org/open/-/open-11.0.0.tgz 38850ms (cache miss)
1399 http fetch GET 200 https://registry.npmjs.org/json-buffer/-/json-buffer-3.0.1.tgz 38781ms (cache miss)
1400 http fetch GET 200 https://registry.npmjs.org/jsonfile/-/jsonfile-6.2.0.tgz 39703ms (cache miss)
1401 http fetch GET 200 https://registry.npmjs.org/lodash.merge/-/lodash.merge-4.6.2.tgz 39805ms (cache miss)
1402 http fetch GET 200 https://registry.npmjs.org/router/-/router-2.2.0.tgz 40370ms (cache miss)
1403 http fetch GET 200 https://registry.npmjs.org/semver/-/semver-6.3.1.tgz 40396ms (cache miss)
1404 http fetch GET 200 https://registry.npmjs.org/tapable/-/tapable-2.3.2.tgz 40499ms (cache miss)
1405 http fetch GET 200 https://registry.npmjs.org/is-weakref/-/is-weakref-1.1.1.tgz 40338ms (cache miss)
1406 http fetch GET 200 https://registry.npmjs.org/js-tokens/-/js-tokens-4.0.0.tgz 40453ms (cache miss)
1407 http fetch GET 200 https://registry.npmjs.org/is-typed-array/-/is-typed-array-1.1.15.tgz 40618ms (cache miss)
1408 http fetch GET 200 https://registry.npmjs.org/is-weakset/-/is-weakset-2.0.4.tgz 40634ms (cache miss)
1409 http fetch GET 200 https://registry.npmjs.org/isexe/-/isexe-2.0.0.tgz 40638ms (cache miss)
1410 http fetch GET 200 https://registry.npmjs.org/string.prototype.trimend/-/string.prototype.trimend-1.0.9.tgz 40823ms (cache miss)
1411 http fetch GET 200 https://registry.npmjs.org/is-obj/-/is-obj-3.0.0.tgz 40677ms (cache miss)
1412 http fetch GET 200 https://registry.npmjs.org/is-plain-obj/-/is-plain-obj-4.1.0.tgz 40687ms (cache miss)
1413 http fetch GET 200 https://registry.npmjs.org/is-node-process/-/is-node-process-1.2.0.tgz 40687ms (cache miss)
1414 http fetch GET 200 https://registry.npmjs.org/isarray/-/isarray-2.0.5.tgz 40727ms (cache miss)
1415 http fetch GET 200 https://registry.npmjs.org/is-regexp/-/is-regexp-3.1.0.tgz 40763ms (cache miss)
1416 http fetch GET 200 https://registry.npmjs.org/iterator.prototype/-/iterator.prototype-1.1.5.tgz 41005ms (cache miss)
1417 http fetch GET 200 https://registry.npmjs.org/is-wsl/-/is-wsl-3.1.1.tgz 41662ms (cache miss)
1418 http fetch GET 200 https://registry.npmjs.org/is-unicode-supported/-/is-unicode-supported-2.1.0.tgz 43619ms (cache miss)
1419 http fetch GET 200 https://registry.npmjs.org/is-shared-array-buffer/-/is-shared-array-buffer-1.0.4.tgz 43623ms (cache miss)
1420 http fetch GET 200 https://registry.npmjs.org/optionator/-/optionator-0.9.4.tgz 44230ms (cache miss)
1421 http fetch GET 200 https://registry.npmjs.org/set-function-length/-/set-function-length-1.2.2.tgz 44374ms (cache miss)
1422 http fetch GET 200 https://registry.npmjs.org/is-number-object/-/is-number-object-1.1.1.tgz 44258ms (cache miss)
1423 http fetch GET 200 https://registry.npmjs.org/is-finalizationregistry/-/is-finalizationregistry-1.1.1.tgz 44289ms (cache miss)
1424 http fetch GET 200 https://registry.npmjs.org/safe-array-concat/-/safe-array-concat-1.1.3.tgz 44484ms (cache miss)
1425 http fetch GET 200 https://registry.npmjs.org/safe-regex-test/-/safe-regex-test-1.1.0.tgz 44489ms (cache miss)
1426 http fetch GET 200 https://registry.npmjs.org/safe-push-apply/-/safe-push-apply-1.0.0.tgz 44489ms (cache miss)
1427 http fetch GET 200 https://registry.npmjs.org/possible-typed-array-names/-/possible-typed-array-names-1.1.0.tgz 44465ms (cache miss)
1428 http fetch GET 200 https://registry.npmjs.org/is-promise/-/is-promise-4.0.0.tgz 44364ms (cache miss)
1429 http fetch GET 200 https://registry.npmjs.org/is-number/-/is-number-7.0.0.tgz 45035ms (cache miss)
1430 http fetch GET 200 https://registry.npmjs.org/react-is/-/react-is-16.13.1.tgz 45159ms (cache miss)
1431 http fetch GET 200 https://registry.npmjs.org/is-glob/-/is-glob-4.0.3.tgz 47354ms (cache miss)
1432 http fetch GET 200 https://registry.npmjs.org/side-channel/-/side-channel-1.1.1.tgz 47513ms (cache miss)
1433 http fetch GET 200 https://registry.npmjs.org/is-fullwidth-code-point/-/is-fullwidth-code-point-3.0.0.tgz 47741ms (cache miss)
1434 http fetch GET 200 https://registry.npmjs.org/side-channel-list/-/side-channel-list-1.0.1.tgz 48466ms (cache miss)
1435 http fetch GET 200 https://registry.npmjs.org/is-docker/-/is-docker-3.0.0.tgz 48574ms (cache miss)
1436 http fetch GET 200 https://registry.npmjs.org/is-data-view/-/is-data-view-1.0.2.tgz 48621ms (cache miss)
1437 http fetch GET 200 https://registry.npmjs.org/is-in-ssh/-/is-in-ssh-1.0.0.tgz 48644ms (cache miss)
1438 http fetch GET 200 https://registry.npmjs.org/is-boolean-object/-/is-boolean-object-1.2.2.tgz 48687ms (cache miss)
1439 http fetch GET 200 https://registry.npmjs.org/is-map/-/is-map-2.0.3.tgz 48716ms (cache miss)
1440 http fetch GET 200 https://registry.npmjs.org/is-arrayish/-/is-arrayish-0.2.1.tgz 48874ms (cache miss)
1441 http fetch GET 200 https://registry.npmjs.org/mime-db/-/mime-db-1.54.0.tgz 49136ms (cache miss)
1442 http fetch GET 200 https://registry.npmjs.org/is-array-buffer/-/is-array-buffer-3.0.5.tgz 49158ms (cache miss)
1443 http fetch GET 200 https://registry.npmjs.org/is-extglob/-/is-extglob-2.1.1.tgz 49693ms (cache miss)
1444 http fetch GET 200 https://registry.npmjs.org/ipaddr.js/-/ipaddr.js-1.9.1.tgz 49759ms (cache miss)
1445 http fetch GET 200 https://registry.npmjs.org/inherits/-/inherits-2.0.4.tgz 49922ms (cache miss)
1446 http fetch GET 200 https://registry.npmjs.org/import-fresh/-/import-fresh-3.3.1.tgz 49923ms (cache miss)
1447 http fetch GET 200 https://registry.npmjs.org/is-stream/-/is-stream-4.0.1.tgz 50047ms (cache miss)
1448 http fetch GET 200 https://registry.npmjs.org/imurmurhash/-/imurmurhash-0.1.4.tgz 50190ms (cache miss)
1449 http fetch GET 200 https://registry.npmjs.org/language-tags/-/language-tags-1.0.9.tgz 50343ms (cache miss)
1450 http fetch GET 200 https://registry.npmjs.org/is-bigint/-/is-bigint-1.1.0.tgz 51747ms (cache miss)
1451 http fetch GET 200 https://registry.npmjs.org/hasown/-/hasown-2.0.2.tgz 52132ms (cache miss)
1452 http fetch GET 200 https://registry.npmjs.org/has-tostringtag/-/has-tostringtag-1.0.2.tgz 52967ms (cache miss)
1453 http fetch GET 200 https://registry.npmjs.org/is-bun-module/-/is-bun-module-2.0.0.tgz 53362ms (cache miss)
1454 http fetch GET 200 https://registry.npmjs.org/has-proto/-/has-proto-1.2.0.tgz 53976ms (cache miss)
1455 http fetch GET 200 https://registry.npmjs.org/graceful-fs/-/graceful-fs-4.2.11.tgz 53973ms (cache miss)
1456 http fetch GET 200 https://registry.npmjs.org/tabbable/-/tabbable-6.4.0.tgz 55245ms (cache miss)
1457 http fetch GET 200 https://registry.npmjs.org/is-inside-container/-/is-inside-container-1.0.0.tgz 55259ms (cache miss)
1458 http fetch GET 200 https://registry.npmjs.org/ignore/-/ignore-5.3.2.tgz 55236ms (cache miss)
1459 http fetch GET 200 https://registry.npmjs.org/is-interactive/-/is-interactive-2.0.0.tgz 55593ms (cache miss)
1460 http fetch GET 200 https://registry.npmjs.org/is-async-function/-/is-async-function-2.1.1.tgz 55685ms (cache miss)
1461 http fetch GET 200 https://registry.npmjs.org/gopd/-/gopd-1.2.0.tgz 55717ms (cache miss)
1462 http fetch GET 200 https://registry.npmjs.org/path-to-regexp/-/path-to-regexp-6.3.0.tgz 56647ms (cache miss)
1463 http fetch GET 200 https://registry.npmjs.org/has-flag/-/has-flag-4.0.0.tgz 56798ms (cache miss)
1464 http fetch GET 200 https://registry.npmjs.org/http-errors/-/http-errors-2.0.1.tgz 56818ms (cache miss)
1465 http fetch GET 200 https://registry.npmjs.org/negotiator/-/negotiator-1.0.0.tgz 56930ms (cache miss)
1466 http fetch GET 200 https://registry.npmjs.org/has-property-descriptors/-/has-property-descriptors-1.0.2.tgz 57989ms (cache miss)
1467 http fetch GET 200 https://registry.npmjs.org/set-proto/-/set-proto-1.0.0.tgz 59093ms (cache miss)
1468 http fetch GET 200 https://registry.npmjs.org/picomatch/-/picomatch-2.3.2.tgz 59369ms (cache miss)
1469 http fetch GET 200 https://registry.npmjs.org/object-keys/-/object-keys-1.1.1.tgz 59344ms (cache miss)
1470 http fetch GET 200 https://registry.npmjs.org/jsesc/-/jsesc-3.1.0.tgz 59373ms (cache miss)
1471 http fetch GET 200 https://registry.npmjs.org/prelude-ls/-/prelude-ls-1.2.1.tgz 59842ms (cache miss)
1472 http fetch GET 200 https://registry.npmjs.org/side-channel-map/-/side-channel-map-1.0.1.tgz 60482ms (cache miss)
1473 http fetch GET 200 https://registry.npmjs.org/get-stream/-/get-stream-9.0.1.tgz 60284ms (cache miss)
1474 http fetch GET 200 https://registry.npmjs.org/functions-have-names/-/functions-have-names-1.2.3.tgz 60390ms (cache miss)
1475 http fetch GET 200 https://registry.npmjs.org/get-own-enumerable-keys/-/get-own-enumerable-keys-1.0.0.tgz 60445ms (cache miss)
1476 http fetch GET 200 https://registry.npmjs.org/find-up/-/find-up-5.0.0.tgz 60414ms (cache miss)
1477 http fetch GET 200 https://registry.npmjs.org/fill-range/-/fill-range-7.1.1.tgz 60413ms (cache miss)
1478 http fetch GET 200 https://registry.npmjs.org/fast-json-stable-stringify/-/fast-json-stable-stringify-2.1.0.tgz 60399ms (cache miss)
1479 http fetch GET 200 https://registry.npmjs.org/fast-levenshtein/-/fast-levenshtein-2.0.6.tgz 60435ms (cache miss)
1480 http fetch GET 200 https://registry.npmjs.org/esrecurse/-/esrecurse-4.3.0.tgz 60415ms (cache miss)
1481 http fetch GET 200 https://registry.npmjs.org/get-proto/-/get-proto-1.0.1.tgz 60631ms (cache miss)
1482 http fetch GET 200 https://registry.npmjs.org/glob-parent/-/glob-parent-6.0.2.tgz 60798ms (cache miss)
1483 http fetch GET 200 https://registry.npmjs.org/eslint-import-resolver-node/-/eslint-import-resolver-node-0.3.9.tgz 60914ms (cache miss)
1484 http fetch GET 200 https://registry.npmjs.org/fresh/-/fresh-2.0.0.tgz 61855ms (cache miss)
1485 http fetch GET 200 https://registry.npmjs.org/forwarded/-/forwarded-0.2.0.tgz 61857ms (cache miss)
1486 http fetch GET 200 https://registry.npmjs.org/fast-deep-equal/-/fast-deep-equal-3.1.3.tgz 62079ms (cache miss)
1487 http fetch GET 200 https://registry.npmjs.org/finalhandler/-/finalhandler-2.1.1.tgz 62108ms (cache miss)
1488 http fetch GET 200 https://registry.npmjs.org/etag/-/etag-1.8.1.tgz 62079ms (cache miss)
1489 http fetch GET 200 https://registry.npmjs.org/fetch-blob/-/fetch-blob-3.2.0.tgz 62242ms (cache miss)
1490 http fetch GET 200 https://registry.npmjs.org/estraverse/-/estraverse-5.3.0.tgz 62218ms (cache miss)
1491 http fetch GET 200 https://registry.npmjs.org/get-east-asian-width/-/get-east-asian-width-1.5.0.tgz 62218ms (cache miss)
1492 http fetch GET 200 https://registry.npmjs.org/prop-types/-/prop-types-15.8.1.tgz 62490ms (cache miss)
1493 http fetch GET 200 https://registry.npmjs.org/tslib/-/tslib-2.8.1.tgz 62937ms (cache miss)
1494 http fetch GET 200 https://registry.npmjs.org/file-entry-cache/-/file-entry-cache-8.0.0.tgz 62628ms (cache miss)
1495 http fetch GET 200 https://registry.npmjs.org/es-define-property/-/es-define-property-1.0.1.tgz 62602ms (cache miss)
1496 http fetch GET 200 https://registry.npmjs.org/es-shim-unscopables/-/es-shim-unscopables-1.1.0.tgz 62611ms (cache miss)
1497 http fetch GET 200 https://registry.npmjs.org/es-errors/-/es-errors-1.3.0.tgz 62605ms (cache miss)
1498 http fetch GET 200 https://registry.npmjs.org/ee-first/-/ee-first-1.1.1.tgz 62601ms (cache miss)
1499 http fetch GET 200 https://registry.npmjs.org/generator-function/-/generator-function-2.0.1.tgz 62691ms (cache miss)
1500 http fetch GET 200 https://registry.npmjs.org/encodeurl/-/encodeurl-2.0.0.tgz 62605ms (cache miss)
1501 http fetch GET 200 https://registry.npmjs.org/gensync/-/gensync-1.0.0-beta.2.tgz 62696ms (cache miss)
1502 http fetch GET 200 https://registry.npmjs.org/dunder-proto/-/dunder-proto-1.0.1.tgz 62610ms (cache miss)
1503 http fetch GET 200 https://registry.npmjs.org/get-caller-file/-/get-caller-file-2.0.5.tgz 62706ms (cache miss)
1504 http fetch GET 200 https://registry.npmjs.org/figures/-/figures-6.1.0.tgz 62744ms (cache miss)
1505 http fetch GET 200 https://registry.npmjs.org/fastq/-/fastq-1.20.1.tgz 62740ms (cache miss)
1506 http fetch GET 200 https://registry.npmjs.org/rettime/-/rettime-0.10.1.tgz 63028ms (cache miss)
1507 http fetch GET 200 https://registry.npmjs.org/define-lazy-prop/-/define-lazy-prop-3.0.0.tgz 62735ms (cache miss)
1508 http fetch GET 200 https://registry.npmjs.org/error-ex/-/error-ex-1.3.4.tgz 62757ms (cache miss)
1509 http fetch GET 200 https://registry.npmjs.org/eslint-config-next/-/eslint-config-next-16.3.0.tgz 62787ms (cache miss)
1510 http fetch GET 200 https://registry.npmjs.org/escape-string-regexp/-/escape-string-regexp-4.0.0.tgz 62786ms (cache miss)
1511 http fetch GET 200 https://registry.npmjs.org/eslint-visitor-keys/-/eslint-visitor-keys-4.2.1.tgz 62797ms (cache miss)
1512 http fetch GET 200 https://registry.npmjs.org/escalade/-/escalade-3.2.0.tgz 62794ms (cache miss)
1513 http fetch GET 200 https://registry.npmjs.org/es-object-atoms/-/es-object-atoms-1.1.1.tgz 62970ms (cache miss)
1514 http fetch GET 200 https://registry.npmjs.org/env-paths/-/env-paths-2.2.1.tgz 62966ms (cache miss)
1515 http fetch GET 200 https://registry.npmjs.org/escape-html/-/escape-html-1.0.3.tgz 63013ms (cache miss)
1516 http fetch GET 200 https://registry.npmjs.org/default-browser-id/-/default-browser-id-5.0.1.tgz 63039ms (cache miss)
1517 http fetch GET 200 https://registry.npmjs.org/define-properties/-/define-properties-1.2.1.tgz 63078ms (cache miss)
1518 http fetch GET 200 https://registry.npmjs.org/define-data-property/-/define-data-property-1.1.4.tgz 63163ms (cache miss)
1519 http fetch GET 200 https://registry.npmjs.org/data-view-byte-length/-/data-view-byte-length-1.0.2.tgz 63746ms (cache miss)
1520 http fetch GET 200 https://registry.npmjs.org/damerau-levenshtein/-/damerau-levenshtein-1.0.8.tgz 63741ms (cache miss)
1521 http fetch GET 200 https://registry.npmjs.org/debug/-/debug-4.4.3.tgz 63864ms (cache miss)
1522 http fetch GET 200 https://registry.npmjs.org/data-view-byte-offset/-/data-view-byte-offset-1.0.1.tgz 63869ms (cache miss)
1523 http fetch GET 200 https://registry.npmjs.org/depd/-/depd-2.0.0.tgz 63879ms (cache miss)
1524 http fetch GET 200 https://registry.npmjs.org/content-type/-/content-type-1.0.5.tgz 63877ms (cache miss)
1525 http fetch GET 200 https://registry.npmjs.org/cliui/-/cliui-8.0.1.tgz 63943ms (cache miss)
1526 http fetch GET 200 https://registry.npmjs.org/deep-is/-/deep-is-0.1.4.tgz 63970ms (cache miss)
1527 http fetch GET 200 https://registry.npmjs.org/cli-cursor/-/cli-cursor-5.0.0.tgz 63943ms (cache miss)
1528 http fetch GET 200 https://registry.npmjs.org/color-name/-/color-name-1.1.4.tgz 63960ms (cache miss)
1529 http fetch GET 200 https://registry.npmjs.org/class-variance-authority/-/class-variance-authority-0.7.1.tgz 63950ms (cache miss)
1530 http fetch GET 200 https://registry.npmjs.org/reusify/-/reusify-1.1.0.tgz 64280ms (cache miss)
1531 http fetch GET 200 https://registry.npmjs.org/bundle-name/-/bundle-name-4.1.0.tgz 63947ms (cache miss)
1532 http fetch GET 200 https://registry.npmjs.org/bytes/-/bytes-3.1.2.tgz 63949ms (cache miss)
1533 http fetch GET 200 https://registry.npmjs.org/call-bind/-/call-bind-1.0.8.tgz 63949ms (cache miss)
1534 http fetch GET 200 https://registry.npmjs.org/call-bind-apply-helpers/-/call-bind-apply-helpers-1.0.2.tgz 63957ms (cache miss)
1535 http fetch GET 200 https://registry.npmjs.org/balanced-match/-/balanced-match-1.0.2.tgz 63952ms (cache miss)
1536 http fetch GET 200 https://registry.npmjs.org/eciesjs/-/eciesjs-0.4.18.tgz 64017ms (cache miss)
1537 http fetch GET 200 https://registry.npmjs.org/dedent/-/dedent-1.7.2.tgz 63999ms (cache miss)
1538 http fetch GET 200 https://registry.npmjs.org/arraybuffer.prototype.slice/-/arraybuffer.prototype.slice-1.0.4.tgz 63950ms (cache miss)
1539 http fetch GET 200 https://registry.npmjs.org/default-browser/-/default-browser-5.5.0.tgz 64048ms (cache miss)
1540 http fetch GET 200 https://registry.npmjs.org/array.prototype.flat/-/array.prototype.flat-1.3.3.tgz 63999ms (cache miss)
1541 http fetch GET 200 https://registry.npmjs.org/data-view-buffer/-/data-view-buffer-1.0.2.tgz 64046ms (cache miss)
1542 http fetch GET 200 https://registry.npmjs.org/data-uri-to-buffer/-/data-uri-to-buffer-4.0.1.tgz 64051ms (cache miss)
1543 http fetch GET 200 https://registry.npmjs.org/ansi-regex/-/ansi-regex-6.2.2.tgz 64016ms (cache miss)
1544 http fetch GET 200 https://registry.npmjs.org/cookie-signature/-/cookie-signature-1.2.2.tgz 64086ms (cache miss)
1545 http fetch GET 200 https://registry.npmjs.org/cross-spawn/-/cross-spawn-7.0.6.tgz 64089ms (cache miss)
1546 http fetch GET 200 https://registry.npmjs.org/convert-source-map/-/convert-source-map-2.0.0.tgz 64107ms (cache miss)
1547 http fetch GET 200 https://registry.npmjs.org/cookie/-/cookie-0.7.2.tgz 64108ms (cache miss)
1548 http fetch GET 200 https://registry.npmjs.org/content-disposition/-/content-disposition-1.0.1.tgz 67649ms (cache miss)
1549 http fetch GET 200 https://registry.npmjs.org/cors/-/cors-2.8.6.tgz 67657ms (cache miss)
1550 http fetch GET 200 https://registry.npmjs.org/@types/statuses/-/statuses-2.0.6.tgz 67596ms (cache miss)
1551 http fetch GET 200 https://registry.npmjs.org/clsx/-/clsx-2.1.1.tgz 67747ms (cache miss)
1552 http fetch GET 200 https://registry.npmjs.org/fuzzysort/-/fuzzysort-3.1.0.tgz 67876ms (cache miss)
1553 http fetch GET 200 https://registry.npmjs.org/client-only/-/client-only-0.0.1.tgz 67765ms (cache miss)
1554 http fetch GET 200 https://registry.npmjs.org/concat-map/-/concat-map-0.0.1.tgz 67813ms (cache miss)
1555 http fetch GET 200 https://registry.npmjs.org/callsites/-/callsites-3.1.0.tgz 67803ms (cache miss)
1556 http fetch GET 200 https://registry.npmjs.org/call-bound/-/call-bound-1.0.4.tgz 67802ms (cache miss)
1557 http fetch GET 200 https://registry.npmjs.org/async-function/-/async-function-1.0.0.tgz 67795ms (cache miss)
1558 http fetch GET 200 https://registry.npmjs.org/available-typed-arrays/-/available-typed-arrays-1.0.7.tgz 68362ms (cache miss)
1559 http fetch GET 200 https://registry.npmjs.org/brace-expansion/-/brace-expansion-1.1.18.tgz 68370ms (cache miss)
1560 http fetch GET 200 https://registry.npmjs.org/cli-spinners/-/cli-spinners-2.9.2.tgz 68390ms (cache miss)
1561 http fetch GET 200 https://registry.npmjs.org/array.prototype.tosorted/-/array.prototype.tosorted-1.1.4.tgz 68374ms (cache miss)
1562 http fetch GET 200 https://registry.npmjs.org/ansi-styles/-/ansi-styles-4.3.0.tgz 68386ms (cache miss)
1563 http fetch GET 200 https://registry.npmjs.org/accepts/-/accepts-2.0.0.tgz 68660ms (cache miss)
1564 http fetch GET 200 https://registry.npmjs.org/@types/validate-npm-package-name/-/validate-npm-package-name-4.0.2.tgz 68647ms (cache miss)
1565 http fetch GET 200 https://registry.npmjs.org/@types/json-schema/-/json-schema-7.0.15.tgz 68649ms (cache miss)
1566 http fetch GET 200 https://registry.npmjs.org/acorn-jsx/-/acorn-jsx-5.3.2.tgz 68984ms (cache miss)
1567 http fetch GET 200 https://registry.npmjs.org/cssesc/-/cssesc-3.0.0.tgz 69038ms (cache miss)
1568 http fetch GET 200 https://registry.npmjs.org/cli-width/-/cli-width-4.1.0.tgz 69228ms (cache miss)
1569 http fetch GET 200 https://registry.npmjs.org/@sindresorhus/merge-streams/-/merge-streams-4.0.0.tgz 69204ms (cache miss)
1570 http fetch GET 200 https://registry.npmjs.org/@open-draft/until/-/until-2.1.0.tgz 69238ms (cache miss)
1571 http fetch GET 200 https://registry.npmjs.org/@open-draft/logger/-/logger-0.3.0.tgz 69242ms (cache miss)
1572 http fetch GET 200 https://registry.npmjs.org/@rtsao/scc/-/scc-1.1.0.tgz 69258ms (cache miss)
1573 http fetch GET 200 https://registry.npmjs.org/@nodelib/fs.scandir/-/fs.scandir-2.1.5.tgz 69246ms (cache miss)
1574 http fetch GET 200 https://registry.npmjs.org/@nodelib/fs.walk/-/fs.walk-1.2.8.tgz 69265ms (cache miss)
1575 http fetch GET 200 https://registry.npmjs.org/array-includes/-/array-includes-3.1.9.tgz 69412ms (cache miss)
1576 http fetch GET 200 https://registry.npmjs.org/reflect.getprototypeof/-/reflect.getprototypeof-1.0.10.tgz 69792ms (cache miss)
1577 http fetch GET 200 https://registry.npmjs.org/@types/estree/-/estree-1.0.8.tgz 69470ms (cache miss)
1578 http fetch GET 200 https://registry.npmjs.org/source-map-js/-/source-map-js-1.2.1.tgz 70735ms (cache miss)
1579 http fetch GET 200 https://registry.npmjs.org/@types/react-dom/-/react-dom-19.2.3.tgz 70339ms (cache miss)
1580 http fetch GET 200 https://registry.npmjs.org/is-core-module/-/is-core-module-2.16.1.tgz 70576ms (cache miss)
1581 http fetch GET 200 https://registry.npmjs.org/@types/json5/-/json5-0.0.29.tgz 70357ms (cache miss)
1582 http fetch GET 200 https://registry.npmjs.org/is-string/-/is-string-1.1.1.tgz 70619ms (cache miss)
1583 http fetch GET 200 https://registry.npmjs.org/globals/-/globals-14.0.0.tgz 70569ms (cache miss)
1584 http fetch GET 200 https://registry.npmjs.org/@tailwindcss/oxide/-/oxide-4.2.2.tgz 70366ms (cache miss)
1585 http fetch GET 200 https://registry.npmjs.org/@sec-ant/readable-stream/-/readable-stream-0.4.1.tgz 70510ms (cache miss)
1586 http fetch GET 200 https://registry.npmjs.org/is-weakmap/-/is-weakmap-2.0.2.tgz 70871ms (cache miss)
1587 http fetch GET 200 https://registry.npmjs.org/@nolyfill/is-core-module/-/is-core-module-1.0.39.tgz 71124ms (cache miss)
1588 http fetch GET 200 https://registry.npmjs.org/ast-types-flow/-/ast-types-flow-0.0.8.tgz 71269ms (cache miss)
1589 http fetch GET 200 https://registry.npmjs.org/@next/env/-/env-16.3.0.tgz 72377ms (cache miss)
1590 http fetch GET 200 https://registry.npmjs.org/formdata-polyfill/-/formdata-polyfill-4.0.10.tgz 73084ms (cache miss)
1591 http fetch GET 200 https://registry.npmjs.org/is-callable/-/is-callable-1.2.7.tgz 73663ms (cache miss)
1592 http fetch GET 200 https://registry.npmjs.org/is-symbol/-/is-symbol-1.1.1.tgz 75354ms (cache miss)
1593 http fetch GET 200 https://registry.npmjs.org/flat-cache/-/flat-cache-4.0.1.tgz 75812ms (cache miss)
1594 http fetch GET 200 https://registry.npmjs.org/@inquirer/figures/-/figures-1.0.15.tgz 79179ms (cache miss)
1595 http fetch GET 200 https://registry.npmjs.org/is-negative-zero/-/is-negative-zero-2.0.3.tgz 79498ms (cache miss)
1596 http fetch GET 200 https://registry.npmjs.org/@inquirer/confirm/-/confirm-5.1.21.tgz 79236ms (cache miss)
1597 http fetch GET 200 https://registry.npmjs.org/color-convert/-/color-convert-2.0.1.tgz 79436ms (cache miss)
1598 http fetch GET 200 https://registry.npmjs.org/is-regex/-/is-regex-1.2.1.tgz 79637ms (cache miss)
1599 http fetch GET 200 https://registry.npmjs.org/@inquirer/ansi/-/ansi-1.0.2.tgz 79470ms (cache miss)
1600 http fetch GET 200 https://registry.npmjs.org/styled-jsx/-/styled-jsx-5.1.6.tgz 80000ms (cache miss)
1601 http fetch GET 200 https://registry.npmjs.org/json-schema-typed/-/json-schema-typed-8.0.2.tgz 79829ms (cache miss)
1602 http fetch GET 200 https://registry.npmjs.org/is-set/-/is-set-2.0.3.tgz 79844ms (cache miss)
1603 http fetch GET 200 https://registry.npmjs.org/esutils/-/esutils-2.0.3.tgz 82077ms (cache miss)
1604 http fetch GET 200 https://registry.npmjs.org/object.groupby/-/object.groupby-1.0.3.tgz 82293ms (cache miss)
1605 http fetch GET 200 https://registry.npmjs.org/has-bigints/-/has-bigints-1.1.0.tgz 83357ms (cache miss)
1606 http fetch GET 200 https://registry.npmjs.org/get-intrinsic/-/get-intrinsic-1.3.0.tgz 83348ms (cache miss)
1607 http fetch GET 200 https://registry.npmjs.org/@eslint/js/-/js-9.39.4.tgz 83824ms (cache miss)
1608 http fetch GET 200 https://registry.npmjs.org/is-date-object/-/is-date-object-1.1.0.tgz 84112ms (cache miss)
1609 http fetch GET 200 https://registry.npmjs.org/@humanfs/node/-/node-0.16.7.tgz 83979ms (cache miss)
1610 http fetch GET 200 https://registry.npmjs.org/@humanwhocodes/module-importer/-/module-importer-1.0.1.tgz 84006ms (cache miss)
1611 http fetch GET 200 https://registry.npmjs.org/object.values/-/object.values-1.2.1.tgz 85139ms (cache miss)
1612 http fetch GET 200 https://registry.npmjs.org/es-set-tostringtag/-/es-set-tostringtag-2.1.0.tgz 84932ms (cache miss)
1613 http fetch GET 200 https://registry.npmjs.org/human-signals/-/human-signals-8.0.1.tgz 85293ms (cache miss)
1614 http fetch GET 200 https://registry.npmjs.org/@floating-ui/react-dom/-/react-dom-2.1.8.tgz 85073ms (cache miss)
1615 http fetch GET 200 https://registry.npmjs.org/@babel/preset-typescript/-/preset-typescript-7.28.5.tgz 85215ms (cache miss)
1616 http fetch GET 200 https://registry.npmjs.org/@babel/plugin-syntax-jsx/-/plugin-syntax-jsx-7.28.6.tgz 85212ms (cache miss)
1617 http fetch GET 200 https://registry.npmjs.org/detect-libc/-/detect-libc-2.1.2.tgz 85504ms (cache miss)
1618 http fetch GET 200 https://registry.npmjs.org/get-tsconfig/-/get-tsconfig-4.13.7.tgz 85760ms (cache miss)
1619 http fetch GET 200 https://registry.npmjs.org/is-generator-function/-/is-generator-function-1.1.2.tgz 85867ms (cache miss)
1620 http fetch GET 200 https://registry.npmjs.org/chalk/-/chalk-4.1.2.tgz 85723ms (cache miss)
1621 http fetch GET 200 https://registry.npmjs.org/@babel/helper-skip-transparent-expression-wrappers/-/helper-skip-transparent-expression-wrappers-7.27.1.tgz 85607ms (cache miss)
1622 http fetch GET 200 https://registry.npmjs.org/@babel/plugin-syntax-typescript/-/plugin-syntax-typescript-7.28.6.tgz 85653ms (cache miss)
1623 http fetch GET 200 https://registry.npmjs.org/internal-slot/-/internal-slot-1.1.0.tgz 85946ms (cache miss)
1624 http fetch GET 200 https://registry.npmjs.org/@babel/helper-validator-option/-/helper-validator-option-7.29.7.tgz 85668ms (cache miss)
1625 http fetch GET 200 https://registry.npmjs.org/eslint-import-resolver-typescript/-/eslint-import-resolver-typescript-3.10.1.tgz 85909ms (cache miss)
1626 http fetch GET 200 https://registry.npmjs.org/@babel/helper-replace-supers/-/helper-replace-supers-7.28.6.tgz 85735ms (cache miss)
1627 http fetch GET 200 https://registry.npmjs.org/@babel/helper-plugin-utils/-/helper-plugin-utils-7.28.6.tgz 85757ms (cache miss)
1628 http fetch GET 200 https://registry.npmjs.org/@babel/helper-module-imports/-/helper-module-imports-7.29.7.tgz 85758ms (cache miss)
1629 http fetch GET 200 https://registry.npmjs.org/@babel/helper-optimise-call-expression/-/helper-optimise-call-expression-7.27.1.tgz 85789ms (cache miss)
1630 http fetch GET 200 https://registry.npmjs.org/headers-polyfill/-/headers-polyfill-4.0.3.tgz 86091ms (cache miss)
1631 http fetch GET 200 https://registry.npmjs.org/@babel/helper-globals/-/helper-globals-7.29.7.tgz 85800ms (cache miss)
1632 http fetch GET 200 https://registry.npmjs.org/@babel/helper-compilation-targets/-/helper-compilation-targets-7.29.7.tgz 85806ms (cache miss)
1633 http fetch GET 200 https://registry.npmjs.org/@babel/compat-data/-/compat-data-7.29.7.tgz 85809ms (cache miss)
1634 http fetch GET 200 https://registry.npmjs.org/@babel/helper-annotate-as-pure/-/helper-annotate-as-pure-7.27.3.tgz 85819ms (cache miss)
1635 http fetch GET 200 https://registry.npmjs.org/@img/colour/-/colour-1.1.0.tgz 86840ms (cache miss)
1636 http fetch GET 200 https://registry.npmjs.org/argparse/-/argparse-2.0.1.tgz 86914ms (cache miss)
1637 http fetch GET 200 https://registry.npmjs.org/regexp.prototype.flags/-/regexp.prototype.flags-1.5.4.tgz 87272ms (cache miss)
1638 http fetch GET 200 https://registry.npmjs.org/@alloc/quick-lru/-/quick-lru-5.2.0.tgz 86807ms (cache miss)
1639 http fetch GET 200 https://registry.npmjs.org/@tailwindcss/postcss/-/postcss-4.2.2.tgz 86964ms (cache miss)
1640 http fetch GET 200 https://registry.npmjs.org/object.entries/-/object.entries-1.1.9.tgz 87359ms (cache miss)
1641 http fetch GET 200 https://registry.npmjs.org/get-symbol-description/-/get-symbol-description-1.1.0.tgz 87256ms (cache miss)
1642 http fetch GET 200 https://registry.npmjs.org/doctrine/-/doctrine-2.1.0.tgz 87180ms (cache miss)
1643 http fetch GET 200 https://registry.npmjs.org/@eslint/core/-/core-0.17.0.tgz 87143ms (cache miss)
1644 http fetch GET 200 https://registry.npmjs.org/express/-/express-5.2.1.tgz 87394ms (cache miss)
1645 http fetch GET 200 https://registry.npmjs.org/strip-ansi/-/strip-ansi-6.0.1.tgz 87183ms (cache miss)
1646 http fetch GET 200 https://registry.npmjs.org/@typescript-eslint/parser/-/parser-8.57.2.tgz 87314ms (cache miss)
1647 http fetch GET 200 https://registry.npmjs.org/@babel/helper-string-parser/-/helper-string-parser-7.29.7.tgz 87268ms (cache miss)
1648 http fetch GET 200 https://registry.npmjs.org/array-buffer-byte-length/-/array-buffer-byte-length-1.0.2.tgz 87380ms (cache miss)
1649 http fetch GET 200 https://registry.npmjs.org/emoji-regex/-/emoji-regex-8.0.0.tgz 87298ms (cache miss)
1650 http fetch GET 200 https://registry.npmjs.org/ansi-regex/-/ansi-regex-5.0.1.tgz 87311ms (cache miss)
1651 http fetch GET 200 https://registry.npmjs.org/content-type/-/content-type-2.0.0.tgz 87331ms (cache miss)
1652 http fetch GET 200 https://registry.npmjs.org/json-stable-stringify-without-jsonify/-/json-stable-stringify-without-jsonify-1.0.1.tgz 87747ms (cache miss)
1653 http fetch GET 200 https://registry.npmjs.org/browserslist/-/browserslist-4.28.1.tgz 87519ms (cache miss)
1654 http fetch GET 200 https://registry.npmjs.org/express-rate-limit/-/express-rate-limit-8.6.1.tgz 87623ms (cache miss)
1655 http fetch GET 200 https://registry.npmjs.org/@babel/code-frame/-/code-frame-7.29.7.tgz 87411ms (cache miss)
1656 http fetch GET 200 https://registry.npmjs.org/string-width/-/string-width-4.2.3.tgz 87401ms (cache miss)
1657 http fetch GET 200 https://registry.npmjs.org/function-bind/-/function-bind-1.1.2.tgz 87696ms (cache miss)
1658 http fetch GET 200 https://registry.npmjs.org/for-each/-/for-each-0.3.5.tgz 87691ms (cache miss)
1659 http fetch GET 200 https://registry.npmjs.org/@open-draft/deferred-promise/-/deferred-promise-2.2.0.tgz 87511ms (cache miss)
1660 http fetch GET 200 https://registry.npmjs.org/deepmerge/-/deepmerge-4.3.1.tgz 87620ms (cache miss)
1661 http fetch GET 200 https://registry.npmjs.org/@jridgewell/resolve-uri/-/resolve-uri-3.1.2.tgz 87519ms (cache miss)
1662 http fetch GET 200 https://registry.npmjs.org/esprima/-/esprima-4.0.1.tgz 87686ms (cache miss)
1663 http fetch GET 200 https://registry.npmjs.org/@babel/helper-member-expression-to-functions/-/helper-member-expression-to-functions-7.28.5.tgz 87528ms (cache miss)
1664 http fetch GET 200 https://registry.npmjs.org/strip-ansi/-/strip-ansi-6.0.1.tgz 87506ms (cache miss)
1665 http fetch GET 200 https://registry.npmjs.org/string-width/-/string-width-4.2.3.tgz 87519ms (cache miss)
1666 http fetch GET 200 https://registry.npmjs.org/emoji-regex/-/emoji-regex-8.0.0.tgz 87565ms (cache miss)
1667 http fetch GET 200 https://registry.npmjs.org/emoji-regex/-/emoji-regex-10.6.0.tgz 87578ms (cache miss)
1668 http fetch GET 200 https://registry.npmjs.org/magic-string/-/magic-string-0.30.21.tgz 88013ms (cache miss)
1669 http fetch GET 200 https://registry.npmjs.org/ansi-regex/-/ansi-regex-5.0.1.tgz 87592ms (cache miss)
1670 http fetch GET 200 https://registry.npmjs.org/electron-to-chromium/-/electron-to-chromium-1.5.322.tgz 87893ms (cache miss)
1671 http fetch GET 200 https://registry.npmjs.org/https-proxy-agent/-/https-proxy-agent-7.0.6.tgz 88076ms (cache miss)
1672 http fetch GET 200 https://registry.npmjs.org/baseline-browser-mapping/-/baseline-browser-mapping-2.10.10.tgz 87928ms (cache miss)
1673 http fetch GET 200 https://registry.npmjs.org/braces/-/braces-3.0.3.tgz 87976ms (cache miss)
1674 http fetch GET 200 https://registry.npmjs.org/kleur/-/kleur-3.0.3.tgz 90121ms (cache miss)
1675 http fetch GET 200 https://registry.npmjs.org/path-browserify/-/path-browserify-1.0.1.tgz 91073ms (cache miss)
1676 http fetch GET 200 https://registry.npmjs.org/@typescript-eslint/visitor-keys/-/visitor-keys-8.57.2.tgz 91133ms (cache miss)
1677 http fetch GET 200 https://registry.npmjs.org/@typescript-eslint/tsconfig-utils/-/tsconfig-utils-8.57.2.tgz 91364ms (cache miss)
1678 http fetch GET 200 https://registry.npmjs.org/glob-parent/-/glob-parent-5.1.2.tgz 91238ms (cache miss)
1679 http fetch GET 200 https://registry.npmjs.org/@typescript-eslint/project-service/-/project-service-8.57.2.tgz 91617ms (cache miss)
1680 http fetch GET 200 https://registry.npmjs.org/path-key/-/path-key-4.0.0.tgz 91861ms (cache miss)
1681 http fetch GET 200 https://registry.npmjs.org/body-parser/-/body-parser-2.3.0.tgz 93733ms (cache miss)
1682 http fetch GET 200 https://registry.npmjs.org/espree/-/espree-10.4.0.tgz 94389ms (cache miss)
1683 http fetch GET 200 https://registry.npmjs.org/object.assign/-/object.assign-4.1.7.tgz 94676ms (cache miss)
1684 http fetch GET 200 https://registry.npmjs.org/has-symbols/-/has-symbols-1.1.0.tgz 95389ms (cache miss)
1685 http fetch GET 200 https://registry.npmjs.org/is-unicode-supported/-/is-unicode-supported-1.3.0.tgz 95052ms (cache miss)
1686 http fetch GET 200 https://registry.npmjs.org/@humanwhocodes/retry/-/retry-0.4.3.tgz 96643ms (cache miss)
1687 http fetch GET 200 https://registry.npmjs.org/flatted/-/flatted-3.4.2.tgz 97714ms (cache miss)
1688 http fetch GET 200 https://registry.npmjs.org/chalk/-/chalk-5.6.2.tgz 99838ms (cache miss)
1689 http fetch GET 200 https://registry.npmjs.org/globalthis/-/globalthis-1.0.4.tgz 100697ms (cache miss)
1690 http fetch GET 200 https://registry.npmjs.org/agent-base/-/agent-base-7.1.4.tgz 100607ms (cache miss)
1691 http fetch GET 200 https://registry.npmjs.org/@babel/helper-validator-identifier/-/helper-validator-identifier-7.29.7.tgz 100582ms (cache miss)
1692 http fetch GET 200 https://registry.npmjs.org/glob-parent/-/glob-parent-5.1.2.tgz 101631ms (cache miss)
1693 http fetch GET 200 https://registry.npmjs.org/@tailwindcss/node/-/node-4.2.2.tgz 101777ms (cache miss)
1694 http fetch GET 200 https://registry.npmjs.org/dotenv/-/dotenv-17.3.1.tgz 101881ms (cache miss)
1695 http fetch GET 200 https://registry.npmjs.org/ansi-regex/-/ansi-regex-5.0.1.tgz 101660ms (cache miss)
1696 http fetch GET 200 https://registry.npmjs.org/string-width/-/string-width-4.2.3.tgz 101662ms (cache miss)
1697 http fetch GET 200 https://registry.npmjs.org/wrap-ansi/-/wrap-ansi-7.0.0.tgz 101664ms (cache miss)
1698 http fetch GET 200 https://registry.npmjs.org/content-type/-/content-type-2.0.0.tgz 101662ms (cache miss)
1699 http fetch GET 200 https://registry.npmjs.org/strip-ansi/-/strip-ansi-6.0.1.tgz 101665ms (cache miss)
1700 http fetch GET 200 https://registry.npmjs.org/emoji-regex/-/emoji-regex-8.0.0.tgz 101665ms (cache miss)
1701 http fetch GET 200 https://registry.npmjs.org/balanced-match/-/balanced-match-4.0.4.tgz 101682ms (cache miss)
1702 http fetch GET 200 https://registry.npmjs.org/lightningcss/-/lightningcss-1.32.0.tgz 102129ms (cache miss)
1703 http fetch GET 200 https://registry.npmjs.org/emoji-regex/-/emoji-regex-9.2.2.tgz 101945ms (cache miss)
1704 http fetch GET 200 https://registry.npmjs.org/eventsource/-/eventsource-3.0.7.tgz 102219ms (cache miss)
1705 http fetch GET 200 https://registry.npmjs.org/strip-final-newline/-/strip-final-newline-2.0.0.tgz 101927ms (cache miss)
1706 http fetch GET 200 https://registry.npmjs.org/onetime/-/onetime-5.1.2.tgz 102201ms (cache miss)
1707 http fetch GET 200 https://registry.npmjs.org/glob-parent/-/glob-parent-5.1.2.tgz 102211ms (cache miss)
1708 http fetch GET 200 https://registry.npmjs.org/npm-run-path/-/npm-run-path-4.0.1.tgz 102215ms (cache miss)
1709 http fetch GET 200 https://registry.npmjs.org/is-stream/-/is-stream-2.0.1.tgz 102228ms (cache miss)
1710 http fetch GET 200 https://registry.npmjs.org/path-to-regexp/-/path-to-regexp-8.4.2.tgz 102260ms (cache miss)
1711 http fetch GET 200 https://registry.npmjs.org/isexe/-/isexe-3.1.5.tgz 102239ms (cache miss)
1712 http fetch GET 200 https://registry.npmjs.org/get-stream/-/get-stream-6.0.1.tgz 102268ms (cache miss)
1713 http fetch GET 200 https://registry.npmjs.org/fdir/-/fdir-6.5.0.tgz 102338ms (cache miss)
1714 http fetch GET 200 https://registry.npmjs.org/signal-exit/-/signal-exit-3.0.7.tgz 102532ms (cache miss)
1715 http fetch GET 200 https://registry.npmjs.org/@ecies/ciphers/-/ciphers-0.2.5.tgz 102534ms (cache miss)
1716 http fetch GET 200 https://registry.npmjs.org/array.prototype.findlastindex/-/array.prototype.findlastindex-1.2.6.tgz 102741ms (cache miss)
1717 http fetch GET 200 https://registry.npmjs.org/which/-/which-4.0.0.tgz 102650ms (cache miss)
1718 http fetch GET 200 https://registry.npmjs.org/node-fetch/-/node-fetch-3.3.2.tgz 103158ms (cache miss)
1719 http fetch GET 200 https://registry.npmjs.org/eslint-visitor-keys/-/eslint-visitor-keys-3.4.3.tgz 102681ms (cache miss)
1720 http fetch GET 200 https://registry.npmjs.org/balanced-match/-/balanced-match-4.0.4.tgz 102686ms (cache miss)
1721 http fetch GET 200 https://registry.npmjs.org/json-schema-traverse/-/json-schema-traverse-1.0.0.tgz 102706ms (cache miss)
1722 http fetch GET 200 https://registry.npmjs.org/mute-stream/-/mute-stream-2.0.0.tgz 102724ms (cache miss)
1723 http fetch GET 200 https://registry.npmjs.org/array.prototype.flatmap/-/array.prototype.flatmap-1.3.3.tgz 103421ms (cache miss)
1724 http fetch GET 200 https://registry.npmjs.org/eslint-scope/-/eslint-scope-8.4.0.tgz 103560ms (cache miss)
1725 http fetch GET 200 https://registry.npmjs.org/array.prototype.findlast/-/array.prototype.findlast-1.2.5.tgz 103469ms (cache miss)
1726 http fetch GET 200 https://registry.npmjs.org/qs/-/qs-6.15.3.tgz 103834ms (cache miss)
1727 http fetch GET 200 https://registry.npmjs.org/cookie/-/cookie-1.1.1.tgz 103369ms (cache miss)
1728 http fetch GET 200 https://registry.npmjs.org/function.prototype.name/-/function.prototype.name-1.1.8.tgz 103781ms (cache miss)
1729 http fetch GET 200 https://registry.npmjs.org/@babel/plugin-transform-modules-commonjs/-/plugin-transform-modules-commonjs-7.28.6.tgz 103533ms (cache miss)
1730 http fetch GET 200 https://registry.npmjs.org/@eslint/object-schema/-/object-schema-2.1.7.tgz 104572ms (cache miss)
1731 http fetch GET 200 https://registry.npmjs.org/@humanfs/core/-/core-0.19.1.tgz 104605ms (cache miss)
1732 http fetch GET 200 https://registry.npmjs.org/@eslint/config-helpers/-/config-helpers-0.4.2.tgz 104609ms (cache miss)
1733 http fetch GET 200 https://registry.npmjs.org/@eslint-community/regexpp/-/regexpp-4.12.2.tgz 104617ms (cache miss)
1734 http fetch GET 200 https://registry.npmjs.org/ignore/-/ignore-7.0.5.tgz 104526ms (cache miss)
1735 http fetch GET 200 https://registry.npmjs.org/commander/-/commander-14.0.3.tgz 104770ms (cache miss)
1736 http fetch GET 200 https://registry.npmjs.org/@floating-ui/dom/-/dom-1.7.6.tgz 104698ms (cache miss)
1737 http fetch GET 200 https://registry.npmjs.org/@eslint-community/eslint-utils/-/eslint-utils-4.9.1.tgz 105320ms (cache miss)
1738 http fetch GET 200 https://registry.npmjs.org/@eslint/plugin-kit/-/plugin-kit-0.4.1.tgz 105445ms (cache miss)
1739 http fetch GET 200 https://registry.npmjs.org/nanoid/-/nanoid-3.3.18.tgz 105847ms (cache miss)
1740 http fetch GET 200 https://registry.npmjs.org/acorn/-/acorn-8.16.0.tgz 105558ms (cache miss)
1741 http fetch GET 200 https://registry.npmjs.org/minimist/-/minimist-1.2.8.tgz 105862ms (cache miss)
1742 http fetch GET 200 https://registry.npmjs.org/@floating-ui/core/-/core-1.7.5.tgz 105558ms (cache miss)
1743 http fetch GET 200 https://registry.npmjs.org/globals/-/globals-16.4.0.tgz 105541ms (cache miss)
1744 http fetch GET 200 https://registry.npmjs.org/@typescript-eslint/types/-/types-8.57.2.tgz 105698ms (cache miss)
1745 http fetch GET 200 https://registry.npmjs.org/source-map/-/source-map-0.6.1.tgz 106154ms (cache miss)
1746 http fetch GET 200 https://registry.npmjs.org/fdir/-/fdir-6.5.0.tgz 105625ms (cache miss)
1747 http fetch GET 200 https://registry.npmjs.org/json5/-/json5-2.2.3.tgz 106101ms (cache miss)
1748 http fetch GET 200 https://registry.npmjs.org/hermes-estree/-/hermes-estree-0.25.1.tgz 106045ms (cache miss)
1749 http fetch GET 200 https://registry.npmjs.org/csstype/-/csstype-3.2.3.tgz 106443ms (cache miss)
1750 http fetch GET 200 https://registry.npmjs.org/napi-postinstall/-/napi-postinstall-0.3.4.tgz 106710ms (cache miss)
1751 http fetch GET 200 https://registry.npmjs.org/@babel/plugin-transform-typescript/-/plugin-transform-typescript-7.28.6.tgz 106792ms (cache miss)
1752 http fetch GET 200 https://registry.npmjs.org/debug/-/debug-3.2.7.tgz 106729ms (cache miss)
1753 http fetch GET 200 https://registry.npmjs.org/debug/-/debug-3.2.7.tgz 106731ms (cache miss)
1754 http fetch GET 200 https://registry.npmjs.org/debug/-/debug-3.2.7.tgz 106735ms (cache miss)
1755 http fetch GET 200 https://registry.npmjs.org/es-to-primitive/-/es-to-primitive-1.3.0.tgz 106996ms (cache miss)
1756 http fetch GET 200 https://registry.npmjs.org/@nodelib/fs.stat/-/fs.stat-2.0.5.tgz 106877ms (cache miss)
1757 http fetch GET 200 https://registry.npmjs.org/picomatch/-/picomatch-4.0.4.tgz 106774ms (cache miss)
1758 http fetch GET 200 https://registry.npmjs.org/eslint-visitor-keys/-/eslint-visitor-keys-5.0.1.tgz 106770ms (cache miss)
1759 http fetch GET 200 https://registry.npmjs.org/json5/-/json5-1.0.2.tgz 106830ms (cache miss)
1760 http fetch GET 200 https://registry.npmjs.org/@types/react/-/react-19.2.14.tgz 107004ms (cache miss)
1761 http fetch GET 200 https://registry.npmjs.org/react/-/react-19.2.4.tgz 107874ms (cache miss)
1762 http fetch GET 200 https://registry.npmjs.org/zod-to-json-schema/-/zod-to-json-schema-3.25.1.tgz 108111ms (cache miss)
1763 http fetch GET 200 https://registry.npmjs.org/picomatch/-/picomatch-4.0.4.tgz 107412ms (cache miss)
1764 http fetch GET 200 https://registry.npmjs.org/eventsource-parser/-/eventsource-parser-3.0.6.tgz 107738ms (cache miss)
1765 http fetch GET 200 https://registry.npmjs.org/execa/-/execa-5.1.1.tgz 107591ms (cache miss)
1766 http fetch GET 200 https://registry.npmjs.org/ajv-formats/-/ajv-formats-3.0.1.tgz 107791ms (cache miss)
1767 http fetch GET 200 https://registry.npmjs.org/tailwindcss/-/tailwindcss-4.2.2.tgz 108588ms (cache miss)
1768 http fetch GET 200 https://registry.npmjs.org/json-schema-traverse/-/json-schema-traverse-1.0.0.tgz 107969ms (cache miss)
1769 http fetch GET 200 https://registry.npmjs.org/node-exports-info/-/node-exports-info-1.6.0.tgz 108835ms (cache miss)
1770 http fetch GET 200 https://registry.npmjs.org/math-intrinsics/-/math-intrinsics-1.1.0.tgz 108875ms (cache miss)
1771 http fetch GET 200 https://registry.npmjs.org/@floating-ui/utils/-/utils-0.2.11.tgz 112078ms (cache miss)
1772 http fetch GET 200 https://registry.npmjs.org/@inquirer/type/-/type-3.0.10.tgz 112955ms (cache miss)
1773 http fetch GET 200 https://registry.npmjs.org/@babel/template/-/template-7.29.7.tgz 113129ms (cache miss)
1774 http fetch GET 200 https://registry.npmjs.org/@babel/helper-module-transforms/-/helper-module-transforms-7.29.7.tgz 113108ms (cache miss)
1775 http fetch GET 200 https://registry.npmjs.org/eslint-module-utils/-/eslint-module-utils-2.12.1.tgz 113327ms (cache miss)
1776 http fetch GET 200 https://registry.npmjs.org/commander/-/commander-11.1.0.tgz 114247ms (cache miss)
1777 http fetch GET 200 https://registry.npmjs.org/esquery/-/esquery-1.7.0.tgz 114546ms (cache miss)
1778 http fetch GET 200 https://registry.npmjs.org/@eslint/config-array/-/config-array-0.21.2.tgz 114510ms (cache miss)
1779 http fetch GET 200 https://registry.npmjs.org/chalk/-/chalk-5.6.2.tgz 114439ms (cache miss)
1780 http fetch GET 200 https://registry.npmjs.org/object-inspect/-/object-inspect-1.13.4.tgz 116430ms (cache miss)
1781 http fetch GET 200 https://registry.npmjs.org/brace-expansion/-/brace-expansion-5.0.9.tgz 115951ms (cache miss)
1782 http fetch GET 200 https://registry.npmjs.org/human-signals/-/human-signals-2.1.0.tgz 115938ms (cache miss)
1783 http fetch GET 200 https://registry.npmjs.org/signal-exit/-/signal-exit-4.1.0.tgz 116504ms (cache miss)
1784 http fetch GET 200 https://registry.npmjs.org/brace-expansion/-/brace-expansion-5.0.9.tgz 116138ms (cache miss)
1785 http fetch GET 200 https://registry.npmjs.org/tailwind-merge/-/tailwind-merge-3.5.0.tgz 116863ms (cache miss)
1786 http fetch GET 200 https://registry.npmjs.org/@babel/helper-create-class-features-plugin/-/helper-create-class-features-plugin-7.28.6.tgz 116358ms (cache miss)
1787 http fetch GET 200 https://registry.npmjs.org/shadcn/-/shadcn-4.1.0.tgz 117098ms (cache miss)
1788 http fetch GET 200 https://registry.npmjs.org/@unrs/resolver-binding-win32-x64-msvc/-/resolver-binding-win32-x64-msvc-1.11.1.tgz 116990ms (cache miss)
1789 http fetch GET 200 https://registry.npmjs.org/@jridgewell/sourcemap-codec/-/sourcemap-codec-1.5.5.tgz 117382ms (cache miss)
1790 http fetch GET 200 https://registry.npmjs.org/jiti/-/jiti-2.6.1.tgz 118824ms (cache miss)
1791 http fetch GET 200 https://registry.npmjs.org/iconv-lite/-/iconv-lite-0.7.2.tgz 121576ms (cache miss)
1792 http fetch GET 200 https://registry.npmjs.org/reselect/-/reselect-5.1.1.tgz 121742ms (cache miss)
1793 http fetch GET 200 https://registry.npmjs.org/cosmiconfig/-/cosmiconfig-9.0.1.tgz 121442ms (cache miss)
1794 http fetch GET 200 https://registry.npmjs.org/@hono/node-server/-/node-server-2.0.10.tgz 121328ms (cache miss)
1795 http fetch GET 200 https://registry.npmjs.org/language-subtag-registry/-/language-subtag-registry-0.3.23.tgz 121670ms (cache miss)
1796 http fetch GET 200 https://registry.npmjs.org/uri-js/-/uri-js-4.4.1.tgz 121988ms (cache miss)
1797 http fetch GET 200 https://registry.npmjs.org/@babel/parser/-/parser-7.29.8.tgz 121409ms (cache miss)
1798 http fetch GET 200 https://registry.npmjs.org/fast-uri/-/fast-uri-3.1.5.tgz 123831ms (cache miss)
1799 http fetch GET 200 https://registry.npmjs.org/@jridgewell/remapping/-/remapping-2.3.5.tgz 123856ms (cache miss)
1800 http fetch GET 200 https://registry.npmjs.org/ip-address/-/ip-address-10.4.0.tgz 124113ms (cache miss)
1801 http fetch GET 200 https://registry.npmjs.org/@jridgewell/gen-mapping/-/gen-mapping-0.3.13.tgz 123868ms (cache miss)
1802 warn deprecated node-domexception@1.0.0: Use your platform's native DOMException instead
1803 http fetch GET 200 https://registry.npmjs.org/code-block-writer/-/code-block-writer-13.0.3.tgz 124430ms (cache miss)
1804 http fetch GET 200 https://registry.npmjs.org/postcss-selector-parser/-/postcss-selector-parser-7.1.1.tgz 129720ms (cache miss)
1805 http fetch GET 200 https://registry.npmjs.org/fs-extra/-/fs-extra-11.3.4.tgz 129594ms (cache miss)
1806 http fetch GET 200 https://registry.npmjs.org/recast/-/recast-0.23.11.tgz 130286ms (cache miss)
1807 http fetch GET 200 https://registry.npmjs.org/@tailwindcss/oxide-win32-x64-msvc/-/oxide-win32-x64-msvc-4.2.2.tgz 130305ms (cache miss)
1808 http fetch GET 200 https://registry.npmjs.org/@eslint/eslintrc/-/eslintrc-3.3.5.tgz 132697ms (cache miss)
1809 http fetch GET 200 https://registry.npmjs.org/js-yaml/-/js-yaml-4.3.1.tgz 133344ms (cache miss)
1810 http fetch GET 200 https://registry.npmjs.org/sharp/-/sharp-0.35.3.tgz 133753ms (cache miss)
1811 http fetch GET 200 https://registry.npmjs.org/postcss/-/postcss-8.5.23.tgz 134002ms (cache miss)
1812 http fetch GET 200 https://registry.npmjs.org/eslint-plugin-react-hooks/-/eslint-plugin-react-hooks-7.0.1.tgz 133801ms (cache miss)
1813 http fetch GET 200 https://registry.npmjs.org/@typescript-eslint/type-utils/-/type-utils-8.57.2.tgz 134804ms (cache miss)
1814 http fetch GET 200 https://registry.npmjs.org/@jridgewell/trace-mapping/-/trace-mapping-0.3.31.tgz 134916ms (cache miss)
1815 http fetch GET 200 https://registry.npmjs.org/tldts/-/tldts-7.0.27.tgz 135464ms (cache miss)
1816 http fetch GET 200 https://registry.npmjs.org/semver/-/semver-7.8.5.tgz 135329ms (cache miss)
1817 http fetch GET 200 https://registry.npmjs.org/semver/-/semver-7.7.4.tgz 135428ms (cache miss)
1818 http fetch GET 200 https://registry.npmjs.org/enhanced-resolve/-/enhanced-resolve-5.20.1.tgz 135705ms (cache miss)
1819 http fetch GET 200 https://registry.npmjs.org/semver/-/semver-7.7.4.tgz 135528ms (cache miss)
1820 http fetch GET 200 https://registry.npmjs.org/axe-core/-/axe-core-4.11.1.tgz 135883ms (cache miss)
1821 http fetch GET 200 https://registry.npmjs.org/@babel/generator/-/generator-7.29.8.tgz 140948ms (cache miss)
1822 http fetch GET 200 https://registry.npmjs.org/tsconfig-paths/-/tsconfig-paths-3.15.0.tgz 141518ms (cache miss)
1823 http fetch GET 200 https://registry.npmjs.org/hermes-parser/-/hermes-parser-0.25.1.tgz 142596ms (cache miss)
1824 http fetch GET 200 https://registry.npmjs.org/fast-glob/-/fast-glob-3.3.1.tgz 145361ms (cache miss)
1825 http fetch GET 200 https://registry.npmjs.org/@next/eslint-plugin-next/-/eslint-plugin-next-16.3.0.tgz 145503ms (cache miss)
1826 http fetch GET 200 https://registry.npmjs.org/prompts/-/prompts-2.4.2.tgz 147581ms (cache miss)
1827 http fetch GET 200 https://registry.npmjs.org/fast-glob/-/fast-glob-3.3.3.tgz 147134ms (cache miss)
1828 http fetch GET 200 https://registry.npmjs.org/fast-glob/-/fast-glob-3.3.3.tgz 147455ms (cache miss)
1829 http fetch GET 200 https://registry.npmjs.org/minimatch/-/minimatch-10.2.4.tgz 147516ms (cache miss)
1830 http fetch GET 200 https://registry.npmjs.org/minimatch/-/minimatch-10.2.4.tgz 147608ms (cache miss)
1831 http fetch GET 200 https://registry.npmjs.org/@types/node/-/node-24.12.0.tgz 148912ms (cache miss)
1832 http fetch GET 200 https://registry.npmjs.org/tldts-core/-/tldts-core-7.0.27.tgz 149381ms (cache miss)
1833 http fetch GET 200 https://registry.npmjs.org/tsconfig-paths/-/tsconfig-paths-4.2.0.tgz 149180ms (cache miss)
1834 http fetch GET 200 https://registry.npmjs.org/@babel/traverse/-/traverse-7.29.8.tgz 149369ms (cache miss)
1835 http fetch GET 200 https://registry.npmjs.org/@typescript-eslint/typescript-estree/-/typescript-estree-8.57.2.tgz 151253ms (cache miss)
1836 http fetch GET 200 https://registry.npmjs.org/lightningcss-win32-x64-msvc/-/lightningcss-win32-x64-msvc-1.32.0.tgz 151610ms (cache miss)
1837 http fetch GET 200 https://registry.npmjs.org/@typescript-eslint/utils/-/utils-8.57.2.tgz 151420ms (cache miss)
1838 http fetch GET 200 https://registry.npmjs.org/react-dom/-/react-dom-19.2.4.tgz 151857ms (cache miss)
1839 http fetch GET 200 https://registry.npmjs.org/web-streams-polyfill/-/web-streams-polyfill-3.3.3.tgz 152062ms (cache miss)
1840 http fetch GET 200 https://registry.npmjs.org/resolve/-/resolve-1.22.11.tgz 156980ms (cache miss)
1841 http fetch GET 200 https://registry.npmjs.org/@noble/ciphers/-/ciphers-1.3.0.tgz 156867ms (cache miss)
1842 http fetch GET 200 https://registry.npmjs.org/@inquirer/core/-/core-10.3.2.tgz 157089ms (cache miss)
1843 http fetch GET 200 https://registry.npmjs.org/ajv/-/ajv-6.14.0.tgz 157165ms (cache miss)
1844 http fetch GET 200 https://registry.npmjs.org/@ts-morph/common/-/common-0.27.0.tgz 158366ms (cache miss)
1845 http fetch GET 200 https://registry.npmjs.org/es-iterator-helpers/-/es-iterator-helpers-1.3.1.tgz 158505ms (cache miss)
1846 http fetch GET 200 https://registry.npmjs.org/jsx-ast-utils/-/jsx-ast-utils-3.3.5.tgz 158717ms (cache miss)
1847 http fetch GET 200 https://registry.npmjs.org/ast-types/-/ast-types-0.16.1.tgz 160634ms (cache miss)
1848 http fetch GET 200 https://registry.npmjs.org/jose/-/jose-6.2.2.tgz 161067ms (cache miss)
1849 http fetch GET 200 https://registry.npmjs.org/@base-ui/utils/-/utils-0.2.6.tgz 161063ms (cache miss)
1850 http fetch GET 200 https://registry.npmjs.org/resolve/-/resolve-2.0.0-next.6.tgz 161216ms (cache miss)
1851 http fetch GET 200 https://registry.npmjs.org/@dotenvx/dotenvx/-/dotenvx-1.57.2.tgz 165356ms (cache miss)
1852 http fetch GET 200 https://registry.npmjs.org/diff/-/diff-8.0.4.tgz 166673ms (cache miss)
1853 http fetch GET 200 https://registry.npmjs.org/eslint-plugin-import/-/eslint-plugin-import-2.32.0.tgz 167175ms (cache miss)
1854 http fetch GET 200 https://registry.npmjs.org/execa/-/execa-9.6.1.tgz 167204ms (cache miss)
1855 http fetch GET 200 https://registry.npmjs.org/@babel/core/-/core-7.29.7.tgz 167027ms (cache miss)
1856 http fetch GET 200 https://registry.npmjs.org/type-fest/-/type-fest-5.5.0.tgz 170514ms (cache miss)
1857 http fetch GET 200 https://registry.npmjs.org/axobject-query/-/axobject-query-4.1.0.tgz 174497ms (cache miss)
1858 http fetch GET 200 https://registry.npmjs.org/@noble/hashes/-/hashes-1.8.0.tgz 175597ms (cache miss)
1859 http fetch GET 200 https://registry.npmjs.org/@img/sharp-win32-x64/-/sharp-win32-x64-0.35.3.tgz 176116ms (cache miss)
1860 http fetch GET 200 https://registry.npmjs.org/@noble/curves/-/curves-1.9.7.tgz 180404ms (cache miss)
1861 http fetch GET 200 https://registry.npmjs.org/@babel/types/-/types-7.29.8.tgz 181789ms (cache miss)
1862 http fetch GET 200 https://registry.npmjs.org/@babel/runtime/-/runtime-7.29.2.tgz 186963ms (cache miss)
1863 http fetch GET 200 https://registry.npmjs.org/aria-query/-/aria-query-5.3.2.tgz 187123ms (cache miss)
1864 http fetch GET 200 https://registry.npmjs.org/@babel/helpers/-/helpers-7.29.7.tgz 192721ms (cache miss)
1865 http fetch GET 200 https://registry.npmjs.org/eslint-plugin-jsx-a11y/-/eslint-plugin-jsx-a11y-6.10.2.tgz 192997ms (cache miss)
1866 http fetch GET 200 https://registry.npmjs.org/typescript/-/typescript-5.9.3.tgz 195427ms (cache miss)
1867 http fetch GET 200 https://registry.npmjs.org/@mswjs/interceptors/-/interceptors-0.41.3.tgz 194940ms (cache miss)
1868 http fetch GET 200 https://registry.npmjs.org/@typescript-eslint/scope-manager/-/scope-manager-8.57.2.tgz 196939ms (cache miss)
1869 http fetch GET 200 https://registry.npmjs.org/@swc/helpers/-/helpers-0.5.15.tgz 196966ms (cache miss)
1870 http fetch GET 200 https://registry.npmjs.org/graphql/-/graphql-16.13.2.tgz 197180ms (cache miss)
1871 http fetch GET 200 https://registry.npmjs.org/eslint-plugin-react/-/eslint-plugin-react-7.37.5.tgz 205864ms (cache miss)
1872 http fetch GET 200 https://registry.npmjs.org/eslint/-/eslint-9.39.4.tgz 214410ms (cache miss)
1873 http fetch GET 200 https://registry.npmjs.org/@typescript-eslint/eslint-plugin/-/eslint-plugin-8.57.2.tgz 214814ms (cache miss)
1874 http fetch GET 200 https://registry.npmjs.org/zod/-/zod-4.3.6.tgz 217771ms (cache miss)
1875 http fetch GET 200 https://registry.npmjs.org/ajv/-/ajv-8.18.0.tgz 217621ms (cache miss)
1876 http fetch GET 200 https://registry.npmjs.org/ajv/-/ajv-8.18.0.tgz 217626ms (cache miss)
1877 http fetch GET 200 https://registry.npmjs.org/zod/-/zod-3.25.76.tgz 230421ms (cache miss)
1878 http fetch GET 200 https://registry.npmjs.org/hono/-/hono-4.13.1.tgz 230640ms (cache miss)
1879 http fetch GET 200 https://registry.npmjs.org/msw/-/msw-2.12.14.tgz 232906ms (cache miss)
1880 http fetch GET 200 https://registry.npmjs.org/caniuse-lite/-/caniuse-lite-1.0.30001781.tgz 235267ms (cache miss)
1881 http fetch GET 200 https://registry.npmjs.org/@modelcontextprotocol/sdk/-/sdk-1.30.0.tgz 236243ms (cache miss)
1882 http fetch GET 200 https://registry.npmjs.org/es-abstract/-/es-abstract-1.24.1.tgz 256294ms (cache miss)
1883 http fetch GET 200 https://registry.npmjs.org/@next/swc-win32-x64-msvc/-/swc-win32-x64-msvc-16.3.0.tgz 261034ms (cache miss)
1884 http fetch GET 200 https://registry.npmjs.org/@base-ui/react/-/react-1.3.0.tgz 276471ms (cache miss)
1885 http fetch GET 200 https://registry.npmjs.org/lucide-react/-/lucide-react-1.6.0.tgz 291523ms (cache miss)
1886 http fetch GET 200 https://registry.npmjs.org/next/-/next-16.3.0.tgz 338916ms (cache miss)
1887 info run msw@2.12.14 postinstall node_modules/msw node -e "import('./config/scripts/postinstall.js').catch(() => void 0)"
1888 info run unrs-resolver@1.11.1 postinstall node_modules/unrs-resolver napi-postinstall unrs-resolver 1.11.1 check
1889 info run msw@2.12.14 postinstall { code: 0, signal: null }
1890 info run unrs-resolver@1.11.1 postinstall { code: 0, signal: null }
1891 silly ADD node_modules/zod-validation-error
1892 silly ADD node_modules/zod-to-json-schema
1893 silly ADD node_modules/zod
1894 silly ADD node_modules/yoctocolors-cjs
1895 silly ADD node_modules/yoctocolors
1896 silly ADD node_modules/yocto-queue
1897 silly ADD node_modules/yargs-parser
1898 silly ADD node_modules/yargs
1899 silly ADD node_modules/yargs/node_modules/strip-ansi
1900 silly ADD node_modules/yargs/node_modules/string-width
1901 silly ADD node_modules/yargs/node_modules/emoji-regex
1902 silly ADD node_modules/yargs/node_modules/ansi-regex
1903 silly ADD node_modules/yallist
1904 silly ADD node_modules/y18n
1905 silly ADD node_modules/wsl-utils
1906 silly ADD node_modules/wrappy
1907 silly ADD node_modules/wrap-ansi
1908 silly ADD node_modules/wrap-ansi/node_modules/strip-ansi
1909 silly ADD node_modules/wrap-ansi/node_modules/string-width
1910 silly ADD node_modules/wrap-ansi/node_modules/emoji-regex
1911 silly ADD node_modules/wrap-ansi/node_modules/ansi-regex
1912 silly ADD node_modules/word-wrap
1913 silly ADD node_modules/which-typed-array
1914 silly ADD node_modules/which-collection
1915 silly ADD node_modules/which-builtin-type
1916 silly ADD node_modules/which-boxed-primitive
1917 silly ADD node_modules/which
1918 silly ADD node_modules/web-streams-polyfill
1919 silly ADD node_modules/vary
1920 silly ADD node_modules/validate-npm-package-name
1921 silly ADD node_modules/util-deprecate
1922 silly ADD node_modules/use-sync-external-store
1923 silly ADD node_modules/uri-js
1924 silly ADD node_modules/update-browserslist-db
1925 silly ADD node_modules/until-async
1926 silly ADD node_modules/unrs-resolver
1927 silly ADD node_modules/unpipe
1928 silly ADD node_modules/universalify
1929 silly ADD node_modules/unicorn-magic
1930 silly ADD node_modules/undici-types
1931 silly ADD node_modules/unbox-primitive
1932 silly ADD node_modules/typescript-eslint
1933 silly ADD node_modules/typescript
1934 silly ADD node_modules/typed-array-length
1935 silly ADD node_modules/typed-array-byte-offset
1936 silly ADD node_modules/typed-array-byte-length
1937 silly ADD node_modules/typed-array-buffer
1938 silly ADD node_modules/type-is
1939 silly ADD node_modules/type-is/node_modules/content-type
1940 silly ADD node_modules/type-fest
1941 silly ADD node_modules/type-check
1942 silly ADD node_modules/tw-animate-css
1943 silly ADD node_modules/tslib
1944 silly ADD node_modules/tsconfig-paths
1945 silly ADD node_modules/tsconfig-paths/node_modules/json5
1946 silly ADD node_modules/ts-morph
1947 silly ADD node_modules/ts-api-utils
1948 silly ADD node_modules/tough-cookie
1949 silly ADD node_modules/toidentifier
1950 silly ADD node_modules/to-regex-range
1951 silly ADD node_modules/tldts-core
1952 silly ADD node_modules/tldts
1953 silly ADD node_modules/tinyglobby
1954 silly ADD node_modules/tinyglobby/node_modules/picomatch
1955 silly ADD node_modules/tinyglobby/node_modules/fdir
1956 silly ADD node_modules/tiny-invariant
1957 silly ADD node_modules/tapable
1958 silly ADD node_modules/tailwindcss
1959 silly ADD node_modules/tailwind-merge
1960 silly ADD node_modules/tagged-tag
1961 silly ADD node_modules/tabbable
1962 silly ADD node_modules/supports-preserve-symlinks-flag
1963 silly ADD node_modules/supports-color
1964 silly ADD node_modules/styled-jsx
1965 silly ADD node_modules/strip-json-comments
1966 silly ADD node_modules/strip-final-newline
1967 silly ADD node_modules/strip-bom
1968 silly ADD node_modules/strip-ansi
1969 silly ADD node_modules/stringify-object
1970 silly ADD node_modules/string.prototype.trimstart
1971 silly ADD node_modules/string.prototype.trimend
1972 silly ADD node_modules/string.prototype.trim
1973 silly ADD node_modules/string.prototype.repeat
1974 silly ADD node_modules/string.prototype.matchall
1975 silly ADD node_modules/string.prototype.includes
1976 silly ADD node_modules/string-width
1977 silly ADD node_modules/string-width/node_modules/emoji-regex
1978 silly ADD node_modules/strict-event-emitter
1979 silly ADD node_modules/stop-iteration-iterator
1980 silly ADD node_modules/stdin-discarder
1981 silly ADD node_modules/statuses
1982 silly ADD node_modules/stable-hash
1983 silly ADD node_modules/source-map-js
1984 silly ADD node_modules/source-map
1985 silly ADD node_modules/sisteransi
1986 silly ADD node_modules/signal-exit
1987 silly ADD node_modules/side-channel-weakmap
1988 silly ADD node_modules/side-channel-map
1989 silly ADD node_modules/side-channel-list
1990 silly ADD node_modules/side-channel
1991 silly ADD node_modules/shebang-regex
1992 silly ADD node_modules/shebang-command
1993 silly ADD node_modules/sharp
1994 silly ADD node_modules/sharp/node_modules/semver
1995 silly ADD node_modules/shadcn
1996 silly ADD node_modules/shadcn/node_modules/zod
1997 silly ADD node_modules/shadcn/node_modules/tsconfig-paths
1998 silly ADD node_modules/shadcn/node_modules/glob-parent
1999 silly ADD node_modules/shadcn/node_modules/fast-glob
2000 silly ADD node_modules/setprototypeof
2001 silly ADD node_modules/set-proto
2002 silly ADD node_modules/set-function-name
2003 silly ADD node_modules/set-function-length
2004 silly ADD node_modules/serve-static
2005 silly ADD node_modules/send
2006 silly ADD node_modules/semver
2007 silly ADD node_modules/scheduler
2008 silly ADD node_modules/safer-buffer
2009 silly ADD node_modules/safe-regex-test
2010 silly ADD node_modules/safe-push-apply
2011 silly ADD node_modules/safe-array-concat
2012 silly ADD node_modules/run-parallel
2013 silly ADD node_modules/run-applescript
2014 silly ADD node_modules/router
2015 silly ADD node_modules/router/node_modules/path-to-regexp
2016 silly ADD node_modules/reusify
2017 silly ADD node_modules/rettime
2018 silly ADD node_modules/restore-cursor
2019 silly ADD node_modules/resolve-pkg-maps
2020 silly ADD node_modules/resolve-from
2021 silly ADD node_modules/resolve
2022 silly ADD node_modules/reselect
2023 silly ADD node_modules/require-from-string
2024 silly ADD node_modules/require-directory
2025 silly ADD node_modules/regexp.prototype.flags
2026 silly ADD node_modules/reflect.getprototypeof
2027 silly ADD node_modules/recast
2028 silly ADD node_modules/react-is
2029 silly ADD node_modules/react-dom
2030 silly ADD node_modules/react
2031 silly ADD node_modules/raw-body
2032 silly ADD node_modules/range-parser
2033 silly ADD node_modules/queue-microtask
2034 silly ADD node_modules/qs
2035 silly ADD node_modules/punycode
2036 silly ADD node_modules/proxy-addr
2037 silly ADD node_modules/prop-types
2038 silly ADD node_modules/prompts
2039 silly ADD node_modules/prompts/node_modules/kleur
2040 silly ADD node_modules/pretty-ms
2041 silly ADD node_modules/prelude-ls
2042 silly ADD node_modules/powershell-utils
2043 silly ADD node_modules/postcss-selector-parser
2044 silly ADD node_modules/postcss
2045 silly ADD node_modules/possible-typed-array-names
2046 silly ADD node_modules/pkce-challenge
2047 silly ADD node_modules/picomatch
2048 silly ADD node_modules/picocolors
2049 silly ADD node_modules/path-to-regexp
2050 silly ADD node_modules/path-parse
2051 silly ADD node_modules/path-key
2052 silly ADD node_modules/path-exists
2053 silly ADD node_modules/path-browserify
2054 silly ADD node_modules/parseurl
2055 silly ADD node_modules/parse-ms
2056 silly ADD node_modules/parse-json
2057 silly ADD node_modules/parent-module
2058 silly ADD node_modules/p-locate
2059 silly ADD node_modules/p-limit
2060 silly ADD node_modules/own-keys
2061 silly ADD node_modules/outvariant
2062 silly ADD node_modules/ora
2063 silly ADD node_modules/ora/node_modules/chalk
2064 silly ADD node_modules/optionator
2065 silly ADD node_modules/open
2066 silly ADD node_modules/onetime
2067 silly ADD node_modules/once
2068 silly ADD node_modules/on-finished
2069 silly ADD node_modules/object.values
2070 silly ADD node_modules/object.groupby
2071 silly ADD node_modules/object.fromentries
2072 silly ADD node_modules/object.entries
2073 silly ADD node_modules/object.assign
2074 silly ADD node_modules/object-treeify
2075 silly ADD node_modules/object-keys
2076 silly ADD node_modules/object-inspect
2077 silly ADD node_modules/object-assign
2078 silly ADD node_modules/npm-run-path
2079 silly ADD node_modules/npm-run-path/node_modules/path-key
2080 silly ADD node_modules/node-releases
2081 silly ADD node_modules/node-fetch
2082 silly ADD node_modules/node-exports-info
2083 silly ADD node_modules/node-domexception
2084 silly ADD node_modules/negotiator
2085 silly ADD node_modules/natural-compare
2086 silly ADD node_modules/napi-postinstall
2087 silly ADD node_modules/nanoid
2088 silly ADD node_modules/mute-stream
2089 silly ADD node_modules/msw
2090 silly ADD node_modules/msw/node_modules/cookie
2091 silly ADD node_modules/ms
2092 silly ADD node_modules/minimist
2093 silly ADD node_modules/minimatch
2094 silly ADD node_modules/mimic-function
2095 silly ADD node_modules/mimic-fn
2096 silly ADD node_modules/mime-types
2097 silly ADD node_modules/mime-db
2098 silly ADD node_modules/micromatch
2099 silly ADD node_modules/merge2
2100 silly ADD node_modules/merge-stream
2101 silly ADD node_modules/merge-descriptors
2102 silly ADD node_modules/media-typer
2103 silly ADD node_modules/math-intrinsics
2104 silly ADD node_modules/magic-string
2105 silly ADD node_modules/lucide-react
2106 silly ADD node_modules/lru-cache
2107 silly ADD node_modules/loose-envify
2108 silly ADD node_modules/log-symbols
2109 silly ADD node_modules/log-symbols/node_modules/is-unicode-supported
2110 silly ADD node_modules/log-symbols/node_modules/chalk
2111 silly ADD node_modules/lodash.merge
2112 silly ADD node_modules/locate-path
2113 silly ADD node_modules/lines-and-columns
2114 silly ADD node_modules/lightningcss-win32-x64-msvc
2115 silly ADD node_modules/lightningcss
2116 silly ADD node_modules/levn
2117 silly ADD node_modules/language-tags
2118 silly ADD node_modules/language-subtag-registry
2119 silly ADD node_modules/kleur
2120 silly ADD node_modules/keyv
2121 silly ADD node_modules/jsx-ast-utils
2122 silly ADD node_modules/jsonfile
2123 silly ADD node_modules/json5
2124 silly ADD node_modules/json-stable-stringify-without-jsonify
2125 silly ADD node_modules/json-schema-typed
2126 silly ADD node_modules/json-schema-traverse
2127 silly ADD node_modules/json-parse-even-better-errors
2128 silly ADD node_modules/json-buffer
2129 silly ADD node_modules/jsesc
2130 silly ADD node_modules/js-yaml
2131 silly ADD node_modules/js-tokens
2132 silly ADD node_modules/jose
2133 silly ADD node_modules/jiti
2134 silly ADD node_modules/iterator.prototype
2135 silly ADD node_modules/isexe
2136 silly ADD node_modules/isarray
2137 silly ADD node_modules/is-wsl
2138 silly ADD node_modules/is-weakset
2139 silly ADD node_modules/is-weakref
2140 silly ADD node_modules/is-weakmap
2141 silly ADD node_modules/is-unicode-supported
2142 silly ADD node_modules/is-typed-array
2143 silly ADD node_modules/is-symbol
2144 silly ADD node_modules/is-string
2145 silly ADD node_modules/is-stream
2146 silly ADD node_modules/is-shared-array-buffer
2147 silly ADD node_modules/is-set
2148 silly ADD node_modules/is-regexp
2149 silly ADD node_modules/is-regex
2150 silly ADD node_modules/is-promise
2151 silly ADD node_modules/is-plain-obj
2152 silly ADD node_modules/is-obj
2153 silly ADD node_modules/is-number-object
2154 silly ADD node_modules/is-number
2155 silly ADD node_modules/is-node-process
2156 silly ADD node_modules/is-negative-zero
2157 silly ADD node_modules/is-map
2158 silly ADD node_modules/is-interactive
2159 silly ADD node_modules/is-inside-container
2160 silly ADD node_modules/is-in-ssh
2161 silly ADD node_modules/is-glob
2162 silly ADD node_modules/is-generator-function
2163 silly ADD node_modules/is-fullwidth-code-point
2164 silly ADD node_modules/is-finalizationregistry
2165 silly ADD node_modules/is-extglob
2166 silly ADD node_modules/is-docker
2167 silly ADD node_modules/is-date-object
2168 silly ADD node_modules/is-data-view
2169 silly ADD node_modules/is-core-module
2170 silly ADD node_modules/is-callable
2171 silly ADD node_modules/is-bun-module
2172 silly ADD node_modules/is-bun-module/node_modules/semver
2173 silly ADD node_modules/is-boolean-object
2174 silly ADD node_modules/is-bigint
2175 silly ADD node_modules/is-async-function
2176 silly ADD node_modules/is-arrayish
2177 silly ADD node_modules/is-array-buffer
2178 silly ADD node_modules/ipaddr.js
2179 silly ADD node_modules/ip-address
2180 silly ADD node_modules/internal-slot
2181 silly ADD node_modules/inherits
2182 silly ADD node_modules/imurmurhash
2183 silly ADD node_modules/import-fresh
2184 silly ADD node_modules/ignore
2185 silly ADD node_modules/iconv-lite
2186 silly ADD node_modules/human-signals
2187 silly ADD node_modules/https-proxy-agent
2188 silly ADD node_modules/http-errors
2189 silly ADD node_modules/hermes-parser
2190 silly ADD node_modules/hermes-estree
2191 silly ADD node_modules/headers-polyfill
2192 silly ADD node_modules/hasown
2193 silly ADD node_modules/has-tostringtag
2194 silly ADD node_modules/has-symbols
2195 silly ADD node_modules/has-proto
2196 silly ADD node_modules/has-property-descriptors
2197 silly ADD node_modules/has-flag
2198 silly ADD node_modules/has-bigints
2199 silly ADD node_modules/graceful-fs
2200 silly ADD node_modules/gopd
2201 silly ADD node_modules/globalthis
2202 silly ADD node_modules/globals
2203 silly ADD node_modules/glob-parent
2204 silly ADD node_modules/get-tsconfig
2205 silly ADD node_modules/get-symbol-description
2206 silly ADD node_modules/get-stream
2207 silly ADD node_modules/get-proto
2208 silly ADD node_modules/get-own-enumerable-keys
2209 silly ADD node_modules/get-intrinsic
2210 silly ADD node_modules/get-east-asian-width
2211 silly ADD node_modules/get-caller-file
2212 silly ADD node_modules/gensync
2213 silly ADD node_modules/generator-function
2214 silly ADD node_modules/fuzzysort
2215 silly ADD node_modules/functions-have-names
2216 silly ADD node_modules/function.prototype.name
2217 silly ADD node_modules/function-bind
2218 silly ADD node_modules/fs-extra
2219 silly ADD node_modules/fresh
2220 silly ADD node_modules/forwarded
2221 silly ADD node_modules/formdata-polyfill
2222 silly ADD node_modules/for-each
2223 silly ADD node_modules/flatted
2224 silly ADD node_modules/flat-cache
2225 silly ADD node_modules/find-up
2226 silly ADD node_modules/finalhandler
2227 silly ADD node_modules/fill-range
2228 silly ADD node_modules/file-entry-cache
2229 silly ADD node_modules/figures
2230 silly ADD node_modules/fetch-blob
2231 silly ADD node_modules/fastq
2232 silly ADD node_modules/fast-uri
2233 silly ADD node_modules/fast-levenshtein
2234 silly ADD node_modules/fast-json-stable-stringify
2235 silly ADD node_modules/fast-glob
2236 silly ADD node_modules/fast-glob/node_modules/glob-parent
2237 silly ADD node_modules/fast-deep-equal
2238 silly ADD node_modules/express-rate-limit
2239 silly ADD node_modules/express
2240 silly ADD node_modules/execa
2241 silly ADD node_modules/eventsource-parser
2242 silly ADD node_modules/eventsource
2243 silly ADD node_modules/etag
2244 silly ADD node_modules/esutils
2245 silly ADD node_modules/estraverse
2246 silly ADD node_modules/esrecurse
2247 silly ADD node_modules/esquery
2248 silly ADD node_modules/esprima
2249 silly ADD node_modules/espree
2250 silly ADD node_modules/eslint-visitor-keys
2251 silly ADD node_modules/eslint-scope
2252 silly ADD node_modules/eslint-plugin-react-hooks
2253 silly ADD node_modules/eslint-plugin-jsx-a11y
2254 silly ADD node_modules/eslint-plugin-import
2255 silly ADD node_modules/eslint-plugin-import/node_modules/debug
2256 silly ADD node_modules/eslint-module-utils
2257 silly ADD node_modules/eslint-module-utils/node_modules/debug
2258 silly ADD node_modules/eslint-import-resolver-typescript
2259 silly ADD node_modules/eslint-import-resolver-node
2260 silly ADD node_modules/eslint-import-resolver-node/node_modules/debug
2261 silly ADD node_modules/eslint-config-next
2262 silly ADD node_modules/eslint-config-next/node_modules/globals
2263 silly ADD node_modules/escape-string-regexp
2264 silly ADD node_modules/escape-html
2265 silly ADD node_modules/escalade
2266 silly ADD node_modules/es-to-primitive
2267 silly ADD node_modules/es-shim-unscopables
2268 silly ADD node_modules/es-set-tostringtag
2269 silly ADD node_modules/es-object-atoms
2270 silly ADD node_modules/es-iterator-helpers
2271 silly ADD node_modules/es-errors
2272 silly ADD node_modules/es-define-property
2273 silly ADD node_modules/error-ex
2274 silly ADD node_modules/env-paths
2275 silly ADD node_modules/enhanced-resolve
2276 silly ADD node_modules/encodeurl
2277 silly ADD node_modules/emoji-regex
2278 silly ADD node_modules/electron-to-chromium
2279 silly ADD node_modules/ee-first
2280 silly ADD node_modules/eciesjs
2281 silly ADD node_modules/dunder-proto
2282 silly ADD node_modules/dotenv
2283 silly ADD node_modules/doctrine
2284 silly ADD node_modules/diff
2285 silly ADD node_modules/detect-libc
2286 silly ADD node_modules/depd
2287 silly ADD node_modules/define-properties
2288 silly ADD node_modules/define-lazy-prop
2289 silly ADD node_modules/define-data-property
2290 silly ADD node_modules/default-browser-id
2291 silly ADD node_modules/default-browser
2292 silly ADD node_modules/deepmerge
2293 silly ADD node_modules/deep-is
2294 silly ADD node_modules/dedent
2295 silly ADD node_modules/debug
2296 silly ADD node_modules/data-view-byte-offset
2297 silly ADD node_modules/data-view-byte-length
2298 silly ADD node_modules/data-view-buffer
2299 silly ADD node_modules/data-uri-to-buffer
2300 silly ADD node_modules/damerau-levenshtein
2301 silly ADD node_modules/csstype
2302 silly ADD node_modules/cssesc
2303 silly ADD node_modules/cross-spawn
2304 silly ADD node_modules/cosmiconfig
2305 silly ADD node_modules/cors
2306 silly ADD node_modules/cookie-signature
2307 silly ADD node_modules/cookie
2308 silly ADD node_modules/convert-source-map
2309 silly ADD node_modules/content-type
2310 silly ADD node_modules/content-disposition
2311 silly ADD node_modules/concat-map
2312 silly ADD node_modules/commander
2313 silly ADD node_modules/color-name
2314 silly ADD node_modules/color-convert
2315 silly ADD node_modules/code-block-writer
2316 silly ADD node_modules/clsx
2317 silly ADD node_modules/cliui
2318 silly ADD node_modules/cliui/node_modules/wrap-ansi
2319 silly ADD node_modules/cliui/node_modules/strip-ansi
2320 silly ADD node_modules/cliui/node_modules/string-width
2321 silly ADD node_modules/cliui/node_modules/emoji-regex
2322 silly ADD node_modules/cliui/node_modules/ansi-regex
2323 silly ADD node_modules/client-only
2324 silly ADD node_modules/cli-width
2325 silly ADD node_modules/cli-spinners
2326 silly ADD node_modules/cli-cursor
2327 silly ADD node_modules/class-variance-authority
2328 silly ADD node_modules/chalk
2329 silly ADD node_modules/callsites
2330 silly ADD node_modules/call-bound
2331 silly ADD node_modules/call-bind-apply-helpers
2332 silly ADD node_modules/call-bind
2333 silly ADD node_modules/bytes
2334 silly ADD node_modules/bundle-name
2335 silly ADD node_modules/browserslist
2336 silly ADD node_modules/braces
2337 silly ADD node_modules/brace-expansion
2338 silly ADD node_modules/body-parser
2339 silly ADD node_modules/body-parser/node_modules/content-type
2340 silly ADD node_modules/baseline-browser-mapping
2341 silly ADD node_modules/balanced-match
2342 silly ADD node_modules/axobject-query
2343 silly ADD node_modules/axe-core
2344 silly ADD node_modules/available-typed-arrays
2345 silly ADD node_modules/async-function
2346 silly ADD node_modules/ast-types-flow
2347 silly ADD node_modules/ast-types
2348 silly ADD node_modules/arraybuffer.prototype.slice
2349 silly ADD node_modules/array.prototype.tosorted
2350 silly ADD node_modules/array.prototype.flatmap
2351 silly ADD node_modules/array.prototype.flat
2352 silly ADD node_modules/array.prototype.findlastindex
2353 silly ADD node_modules/array.prototype.findlast
2354 silly ADD node_modules/array-includes
2355 silly ADD node_modules/array-buffer-byte-length
2356 silly ADD node_modules/aria-query
2357 silly ADD node_modules/argparse
2358 silly ADD node_modules/ansi-styles
2359 silly ADD node_modules/ansi-regex
2360 silly ADD node_modules/ajv
2361 silly ADD node_modules/agent-base
2362 silly ADD node_modules/acorn-jsx
2363 silly ADD node_modules/acorn
2364 silly ADD node_modules/accepts
2365 silly ADD node_modules/@unrs/resolver-binding-win32-x64-msvc
2366 silly ADD node_modules/@typescript-eslint/visitor-keys
2367 silly ADD node_modules/@typescript-eslint/visitor-keys/node_modules/eslint-visitor-keys
2368 silly ADD node_modules/@typescript-eslint/utils
2369 silly ADD node_modules/@typescript-eslint/typescript-estree
2370 silly ADD node_modules/@typescript-eslint/typescript-estree/node_modules/semver
2371 silly ADD node_modules/@typescript-eslint/typescript-estree/node_modules/minimatch
2372 silly ADD node_modules/@typescript-eslint/typescript-estree/node_modules/brace-expansion
2373 silly ADD node_modules/@typescript-eslint/typescript-estree/node_modules/balanced-match
2374 silly ADD node_modules/@typescript-eslint/types
2375 silly ADD node_modules/@typescript-eslint/type-utils
2376 silly ADD node_modules/@typescript-eslint/tsconfig-utils
2377 silly ADD node_modules/@typescript-eslint/project-service
2378 silly ADD node_modules/@typescript-eslint/parser
2379 silly ADD node_modules/@typescript-eslint/eslint-plugin
2380 silly ADD node_modules/@typescript-eslint/eslint-plugin/node_modules/ignore
2381 silly ADD node_modules/@types/validate-npm-package-name
2382 silly ADD node_modules/@types/statuses
2383 silly ADD node_modules/@types/react-dom
2384 silly ADD node_modules/@types/react
2385 silly ADD node_modules/@types/node
2386 silly ADD node_modules/@types/json5
2387 silly ADD node_modules/@types/json-schema
2388 silly ADD node_modules/@types/estree
2389 silly ADD node_modules/@ts-morph/common
2390 silly ADD node_modules/@ts-morph/common/node_modules/minimatch
2391 silly ADD node_modules/@ts-morph/common/node_modules/glob-parent
2392 silly ADD node_modules/@ts-morph/common/node_modules/fast-glob
2393 silly ADD node_modules/@ts-morph/common/node_modules/brace-expansion
2394 silly ADD node_modules/@ts-morph/common/node_modules/balanced-match
2395 silly ADD node_modules/@tailwindcss/postcss
2396 silly ADD node_modules/@tailwindcss/oxide-win32-x64-msvc
2397 silly ADD node_modules/@tailwindcss/oxide
2398 silly ADD node_modules/@tailwindcss/node
2399 silly ADD node_modules/@sindresorhus/merge-streams
2400 silly ADD node_modules/@sec-ant/readable-stream
2401 silly ADD node_modules/@rtsao/scc
2402 silly ADD node_modules/@open-draft/until
2403 silly ADD node_modules/@open-draft/logger
2404 silly ADD node_modules/@open-draft/deferred-promise
2405 silly ADD node_modules/@nolyfill/is-core-module
2406 silly ADD node_modules/@nodelib/fs.walk
2407 silly ADD node_modules/@nodelib/fs.stat
2408 silly ADD node_modules/@nodelib/fs.scandir
2409 silly ADD node_modules/@noble/hashes
2410 silly ADD node_modules/@noble/curves
2411 silly ADD node_modules/@noble/ciphers
2412 silly ADD node_modules/@next/swc-win32-x64-msvc
2413 silly ADD node_modules/@next/eslint-plugin-next
2414 silly ADD node_modules/@next/env
2415 silly ADD node_modules/@jridgewell/trace-mapping
2416 silly ADD node_modules/@jridgewell/sourcemap-codec
2417 silly ADD node_modules/@jridgewell/resolve-uri
2418 silly ADD node_modules/@jridgewell/remapping
2419 silly ADD node_modules/@jridgewell/gen-mapping
2420 silly ADD node_modules/@inquirer/type
2421 silly ADD node_modules/@inquirer/figures
2422 silly ADD node_modules/@inquirer/core
2423 silly ADD node_modules/@inquirer/confirm
2424 silly ADD node_modules/@inquirer/ansi
2425 silly ADD node_modules/@img/sharp-win32-x64
2426 silly ADD node_modules/@img/colour
2427 silly ADD node_modules/@humanwhocodes/retry
2428 silly ADD node_modules/@humanwhocodes/module-importer
2429 silly ADD node_modules/@humanfs/node
2430 silly ADD node_modules/@humanfs/core
2431 silly ADD node_modules/@hono/node-server
2432 silly ADD node_modules/@floating-ui/utils
2433 silly ADD node_modules/@floating-ui/react-dom
2434 silly ADD node_modules/@floating-ui/dom
2435 silly ADD node_modules/@floating-ui/core
2436 silly ADD node_modules/@eslint/plugin-kit
2437 silly ADD node_modules/@eslint/object-schema
2438 silly ADD node_modules/@eslint/js
2439 silly ADD node_modules/@eslint/eslintrc
2440 silly ADD node_modules/@eslint/core
2441 silly ADD node_modules/@eslint/config-helpers
2442 silly ADD node_modules/@eslint/config-array
2443 silly ADD node_modules/@eslint-community/regexpp
2444 silly ADD node_modules/@eslint-community/eslint-utils
2445 silly ADD node_modules/@eslint-community/eslint-utils/node_modules/eslint-visitor-keys
2446 silly ADD node_modules/@ecies/ciphers
2447 silly ADD node_modules/@dotenvx/dotenvx
2448 silly ADD node_modules/@dotenvx/dotenvx/node_modules/which
2449 silly ADD node_modules/@dotenvx/dotenvx/node_modules/strip-final-newline
2450 silly ADD node_modules/@dotenvx/dotenvx/node_modules/signal-exit
2451 silly ADD node_modules/@dotenvx/dotenvx/node_modules/picomatch
2452 silly ADD node_modules/@dotenvx/dotenvx/node_modules/onetime
2453 silly ADD node_modules/@dotenvx/dotenvx/node_modules/npm-run-path
2454 silly ADD node_modules/@dotenvx/dotenvx/node_modules/isexe
2455 silly ADD node_modules/@dotenvx/dotenvx/node_modules/is-stream
2456 silly ADD node_modules/@dotenvx/dotenvx/node_modules/human-signals
2457 silly ADD node_modules/@dotenvx/dotenvx/node_modules/get-stream
2458 silly ADD node_modules/@dotenvx/dotenvx/node_modules/fdir
2459 silly ADD node_modules/@dotenvx/dotenvx/node_modules/execa
2460 silly ADD node_modules/@dotenvx/dotenvx/node_modules/commander
2461 silly ADD node_modules/@base-ui/utils
2462 silly ADD node_modules/@babel/types
2463 silly ADD node_modules/@babel/traverse
2464 silly ADD node_modules/@babel/template
2465 silly ADD node_modules/@babel/runtime
2466 silly ADD node_modules/@babel/preset-typescript
2467 silly ADD node_modules/@babel/plugin-transform-typescript
2468 silly ADD node_modules/@babel/plugin-transform-modules-commonjs
2469 silly ADD node_modules/@babel/plugin-syntax-typescript
2470 silly ADD node_modules/@babel/plugin-syntax-jsx
2471 silly ADD node_modules/@babel/parser
2472 silly ADD node_modules/@babel/helpers
2473 silly ADD node_modules/@babel/helper-validator-option
2474 silly ADD node_modules/@babel/helper-validator-identifier
2475 silly ADD node_modules/@babel/helper-string-parser
2476 silly ADD node_modules/@babel/helper-skip-transparent-expression-wrappers
2477 silly ADD node_modules/@babel/helper-replace-supers
2478 silly ADD node_modules/@babel/helper-plugin-utils
2479 silly ADD node_modules/@babel/helper-optimise-call-expression
2480 silly ADD node_modules/@babel/helper-module-transforms
2481 silly ADD node_modules/@babel/helper-module-imports
2482 silly ADD node_modules/@babel/helper-member-expression-to-functions
2483 silly ADD node_modules/@babel/helper-globals
2484 silly ADD node_modules/@babel/helper-create-class-features-plugin
2485 silly ADD node_modules/@babel/helper-compilation-targets
2486 silly ADD node_modules/@babel/helper-annotate-as-pure
2487 silly ADD node_modules/@babel/generator
2488 silly ADD node_modules/@babel/core
2489 silly ADD node_modules/@babel/compat-data
2490 silly ADD node_modules/@babel/code-frame
2491 silly ADD node_modules/@alloc/quick-lru
2492 silly CHANGE node_modules/@typescript-eslint/scope-manager
2493 silly CHANGE node_modules/@swc/helpers
2494 silly CHANGE node_modules/@mswjs/interceptors
2495 silly CHANGE node_modules/@modelcontextprotocol/sdk
2496 silly ADD node_modules/@modelcontextprotocol/sdk/node_modules/json-schema-traverse
2497 silly CHANGE node_modules/@modelcontextprotocol/sdk/node_modules/ajv
2498 silly CHANGE node_modules/next
2499 silly CHANGE node_modules/@base-ui/react
2500 silly CHANGE node_modules/hono
2501 silly CHANGE node_modules/graphql
2502 silly CHANGE node_modules/eslint-plugin-react
2503 silly ADD node_modules/eslint-plugin-react/node_modules/resolve
2504 silly CHANGE node_modules/eslint
2505 silly CHANGE node_modules/es-abstract
2506 silly CHANGE node_modules/caniuse-lite
2507 silly CHANGE node_modules/ajv-formats
2508 silly ADD node_modules/ajv-formats/node_modules/json-schema-traverse
2509 silly CHANGE node_modules/ajv-formats/node_modules/ajv
2510 warn install-scripts 2 packages have install scripts not yet covered by allowScripts:
2510 warn install-scripts   msw@2.12.14 (postinstall: node -e "import('./config/scripts/postinstall.js').catch(() => void 0)")
2510 warn install-scripts   unrs-resolver@1.11.1 (postinstall: napi-postinstall unrs-resolver 1.11.1 check)
2510 warn install-scripts
2510 warn install-scripts Run `npm install-scripts ls` to review, or `npm install-scripts approve <pkg>` to allow.
2511 verbose cwd C:\Users\hp\Desktop\ai-website-cloner-template
2512 verbose os Windows_NT 10.0.19045
2513 verbose node v24.21.0
2514 verbose npm  v11.19.0
2515 notice
2515 notice New major version of npm available! 11.19.0 -> 12.0.2
2515 notice Changelog: https://github.com/npm/cli/releases/tag/v12.0.2
2515 notice To update run: npm install -g npm@12.0.2
2515 notice  { force: true, Symbol(proc-log.meta): true }
2516 verbose exit 0
2517 info ok
